{"stats":{"minecraft:broken":{"minecraft:diamond_helmet":1,"minecraft:iron_boots":1,"minecraft:iron_leggings":1,"minecraft:iron_sword":1,"securitycraft:universal_block_reinforcer_lvl1":26,"minecraft:leather_helmet":1,"minecraft:diamond_leggings":1,"minecraft:iron_axe":2,"minecraft:iron_pickaxe":6,"minecraft:iron_helmet":2,"vanillaplustools:stone_shovel":1,"minecraft:stone_pickaxe":7,"minecraft:diamond_boots":1,"minecraft:diamond_chestplate":1,"minecraft:diamond_axe":1,"minecraft:leather_boots":1},"minecraft:killed_by":{"vampirism:advanced_vampire":2,"graveyard:acolyte":1,"vampirism:vampire":1,"alexsmobs:bison":1,"minecraft:warden":6,"graveyard:ghoul":1,"minecraft:enderman":1},"minecraft:used":{"minecraft:beetroot":1,"botania:white_petal":5,"minecraft:chest":21,"minecraft:stone":35,"securitycraft:keypad_item":5,"minecraft:snowball":51,"minecraft:jungle_sapling":91,"minecraft:bow":501,"minecraft:furnace":33,"minecraft:egg":41,"minecraft:potato":3,"minecraft:diorite":6,"minecraft:leather_leggings":1,"securitycraft:door_indestructible_iron_item":2,"minecraft:powered_rail":19,"minecraft:leather_chestplate":1,"minecraft:wooden_pickaxe":29,"securitycraft:keypad_frame":1,"minecraft:jungle_boat":3,"scalinghealth:cursed_heart":2,"securitycraft:universal_block_remover":33,"scalinghealth:enchanted_heart":8,"graveyard:dark_iron_door":2,"minecraft:diamond_sword":1314,"globalxp:xp_block":3,"botania:pure_daisy":1,"minecraft:enchanting_table":2,"minecraft:stone_sword":50,"botania:black_mystical_flower":1,"astikorcarts:animal_cart":1,"minecraft:torch":424,"minecraft:anvil":2,"minecraft:chipped_anvil":1,"botania:red_petal":4,"minecraft:iron_axe":438,"minecraft:jungle_log":14,"minecraft:bamboo":104,"minecraft:beef":7,"botania:mana_pool":1,"tombstone:gift":8,"comforts:sleeping_bag_white":1,"minecraft:cobbled_deepslate":1028,"minecraft:wheat_seeds":205,"minecraft:water_bucket":68,"botania:endoflame":9,"botania:mana_spreader":2,"biomesoplenty:mahogany_log":11,"securitycraft:keypad":1,"minecraft:rail":69,"minecraft:crafting_table":28,"vanillaplustools:stone_shovel":24,"securitycraft:reinforced_jungle_planks":5,"minecraft:white_bed":5,"botania:apothecary_default":3,"minecraft:mud":3,"minecraft:diamond_pickaxe":2361,"minecraft:iron_pickaxe":1501,"minecraft:leather_helmet":1,"scalinghealth:medkit":2,"minecraft:cobblestone":333,"stalwart_dungeons:iron_hammer":1,"minecraft:purple_candle":3,"minecraft:iron_sword":247,"chococraft:chocobo_drumstick_cooked":1,"minecraft:jungle_planks":3028,"minecraft:carrot":343,"minecraft:tuff":54,"minecraft:milk_bucket":3,"vanillaplustools:iron_shovel":167,"minecraft:item_frame":3,"minecraft:deepslate_diamond_ore":90,"minecraft:hay_block":1,"botania:runic_altar":3,"botania:brown_petal":6,"minecraft:stone_pickaxe":919,"minecraft:sugar_cane":20,"minecraft:diamond_axe":366,"vanillaplustools:diamond_hammer":1556,"minecraft:loom":1,"minecraft:deepslate_redstone_ore":191,"minecraft:deepslate_lapis_ore":32,"minecraft:redstone_torch":16,"waystones:waystone":1,"minecraft:dark_oak_log":1,"minecraft:bread":170,"vampirism:altar_pillar":1,"botania:blue_petal":6,"tombstone:grave_key":1,"minecraft:gravel":5,"minecraft:jungle_sign":11,"minecraft:grindstone":2,"minecraft:andesite":7,"minecraft:coarse_dirt":1,"minecraft:bone_meal":395,"botania:hydroangeas":6,"minecraft:oak_fence":61,"biomesoplenty:mahogany_planks":36,"securitycraft:keypad_chest":8,"securitycraft:keypad_door_item":1,"minecraft:cooked_chicken":4,"minecraft:dirt":492,"scalinghealth:heart_crystal":26,"securitycraft:reinforced_stone":12,"botania:twig_wand":145,"minecraft:granite":17,"botania:light_gray_petal":4,"minecraft:iron_hoe":1,"minecraft:bookshelf":29,"scalinghealth:power_crystal":6,"minecraft:golden_carrot":2,"minecraft:minecart":4,"alexsmobs:banana":5,"minecraft:baked_potato":90,"scalinghealth:chance_heart":10,"botania:brown_double_flower":2,"scalinghealth:deepslate_power_crystal_ore":7,"tombstone:bag_of_seeds":1,"minecraft:wooden_hoe":40,"biomesoplenty:mahogany_sign":1,"minecraft:stone_axe":106,"minecraft:white_banner":1,"botania:cyan_petal":6,"minecraft:bucket":79,"alexsmobs:animal_dictionary":1},"minecraft:dropped":{"minecraft:iron_sword":1,"alexsmobs:fish_bones":1,"minecraft:lapis_lazuli":27,"minecraft:cooked_beef":4,"vampirism:human_heart":1,"minecraft:emerald_ore":1,"minecraft:diamond":77,"botania:mana_pearl":1,"botania:mana_diamond":1,"minecraft:dirt":69,"minecraft:stone_button":2,"botania:light_gray_mushroom":1,"minecraft:jungle_sapling":7,"minecraft:bone_meal":39,"minecraft:gold_nugget":15,"minecraft:iron_pickaxe":9,"minecraft:white_wool":4,"vampirism:altar_infusion":2,"minecraft:bone":1,"minecraft:oak_door":1,"minecraft:stone_axe":4,"minecraft:cooked_chicken":2,"alexsmobs:animal_dictionary":1,"minecraft:cobbled_deepslate":2878,"minecraft:nether_brick":1,"minecraft:wheat":17,"minecraft:obsidian":2,"tombstone:gift":1,"minecraft:rotten_flesh":185,"minecraft:azure_bluet":1,"botania:manasteel_ingot":7,"biomesoplenty:glowing_moss_carpet":1,"alexsmobs:leafcutter_ant_pupa":8,"vampirism:vampire_blood_bottle":5,"vampirism:vampire_fang":1,"minecraft:charcoal":30,"botania:mana_powder":5,"minecraft:jungle_log":263,"biomesoplenty:wildflower":4,"minecraft:leather_leggings":1,"biomesoplenty:mahogany_sapling":1,"botania:brown_petal":8,"botania:rune_water":1,"farmersdelight:tomato_seeds":2,"minecraft:iron_ingot":121,"minecraft:wheat_seeds":1822,"securitycraft:limited_use_keycard":1,"minecraft:tnt":2,"vampirism:vampire_book":1,"minecraft:cobblestone":91,"minecraft:iron_helmet":1,"minecraft:feather":4,"minecraft:book":104,"minecraft:granite":22,"minecraft:coal":235,"artifacts:lucky_scarf":1,"minecraft:ink_sac":5,"minecraft:rose_bush":1,"minecraft:white_banner":1,"vampirism:ring":3,"minecraft:iron_shovel":1,"minecraft:string":10,"tombstone:decorative_grave_simple":1,"vanillaplustools:diamond_hammer":2,"securitycraft:reinforced_stone":2,"minecraft:moss_carpet":2,"minecraft:stone_sword":3,"minecraft:cocoa_beans":9,"minecraft:deepslate":4,"minecraft:white_carpet":5,"minecraft:iron_boots":2,"minecraft:stone_slab":4,"minecraft:nether_bricks":1,"minecraft:pumpkin_seeds":2,"minecraft:diamond_sword":4,"minecraft:big_dripleaf":5,"minecraft:potato":1,"minecraft:spruce_planks":3,"minecraft:bundle":1,"minecraft:diamond_pickaxe":6,"botania:twig_wand":5,"minecraft:spider_eye":29,"minecraft:stone_bricks":1,"minecraft:bamboo":19,"minecraft:bow":9,"tombstone:book_of_disenchantment":1,"scalinghealth:bandages":4,"botania:blue_petal":10,"minecraft:soul_sand":1,"minecraft:candle":1,"minecraft:moss_block":3,"minecraft:diamond_axe":1,"minecraft:baked_potato":62,"minecraft:ender_pearl":7,"botania:cyan_petal":6,"botania:livingrock":1,"botania:red_mushroom":1,"minecraft:jungle_planks":64,"alexsmobs:bison_fur":1,"tombstone:bag_of_seeds":2,"minecraft:snowball":11,"minecraft:gilded_blackstone":39,"botania:white_petal":6,"minecraft:gold_ingot":27,"minecraft:gravel":156,"vampirism:holy_water_bottle_normal":1,"vampirism:vampire_orchid":1,"vampirism:holy_water_bottle_enhanced":3,"vampirism:blood_bottle":4,"minecraft:diamond_shovel":1,"biomesoplenty:glowing_moss_block":1,"botania:rune_air":1,"minecraft:carrot":7,"minecraft:poppy":1,"minecraft:leather_chestplate":1,"minecraft:gunpowder":14,"artifacts:helium_flamingo":2,"minecraft:beetroot_seeds":4,"minecraft:chest":2,"vampirism:hunter_axe_ultimate":1,"minecraft:arrow":8,"alexsmobs:banana":3,"minecraft:water_bucket":3,"biomesoplenty:mahogany_log":2,"minecraft:bread":55,"botania:red_petal":4,"botania:hydroangeas":2,"vanillaplustools:iron_shovel":1,"minecraft:tropical_fish":1,"minecraft:grass_block":4,"scalinghealth:power_crystal":2,"farmersdelight:golden_knife":1,"minecraft:diorite":67,"minecraft:torch":42,"scalinghealth:heart_crystal":6,"minecraft:wither_rose":3,"minecraft:iron_axe":2,"minecraft:smooth_basalt":4,"minecraft:redstone":3,"vampirism:heart_striker_ultimate":2,"alexsmobs:maggot":2,"minecraft:nether_wart":1,"minecraft:raw_copper":45,"botania:light_gray_petal":4,"minecraft:tuff":185,"farmersdelight:cabbage_seeds":1,"minecraft:iron_hoe":2,"vampirism:heart_striker_enhanced":1,"securitycraft:universal_block_remover":1,"minecraft:shield":1,"biomesoplenty:glowworm_silk":1,"minecraft:iron_chestplate":2,"minecraft:andesite":59,"artifacts:pocket_piston":1,"minecraft:oak_sapling":3,"minecraft:stone_pickaxe":4,"minecraft:wooden_pickaxe":2,"securitycraft:universal_block_reinforcer_lvl1":2,"minecraft:calcite":2},"minecraft:killed":{"vampirism:vampire":11,"vampirism:advanced_vampire":5,"minecraft:skeleton":96,"vampirism:blinding_bat":1,"alexsmobs:leafcutter_ant":23,"minecraft:chicken":3,"creeperoverhaul:jungle_creeper":1,"minecraft:skeleton_horse":2,"alexsmobs:seal":1,"vampirism:converted_cow":1,"minecraft:pillager":1,"minecraft:zombie":115,"mca:male_villager":1,"minecraft:glow_squid":1,"takesapillage:archer":2,"minecraft:cow":2,"chococraft:chocobo":1,"mca:female_zombie_villager":1,"mca:male_zombie_villager":1,"minecraft:vindicator":4,"alexsmobs:gorilla":1,"goblintraders:goblin_trader":1,"graveyard:ghoul":12,"minecraft:enderman":12,"minecraft:witch":1,"graveyard:skeleton_creeper":3,"minecraft:spider":43,"creeperoverhaul:bamboo_creeper":2,"graveyard:reaper":1,"ravageandcabbage:ravager":1,"artifacts:mimic":1,"minecraft:creeper":27,"vampirism:hunter":4,"takesapillage:legioner":2,"minecraft:phantom":2,"alexsmobs:bison":2,"minecraft:drowned":1},"minecraft:custom":{"minecraft:interact_with_crafting_table":258,"minecraft:open_barrel":21,"goblintraders:trade_with_goblin":72,"minecraft:leave_game":18,"minecraft:time_since_death":722703,"minecraft:play_time":1327046,"minecraft:deaths":18,"minecraft:jump":21049,"minecraft:enchant_item":17,"minecraft:interact_with_furnace":299,"minecraft:interact_with_cartography_table":1,"minecraft:sleep_in_bed":16,"minecraft:waystone_activated":4,"minecraft:damage_dealt":156898,"tombstone:use_disenchantment":1,"tombstone:undead_killed":233,"minecraft:interact_with_smoker":3,"minecraft:interact_with_anvil":14,"minecraft:sneak_time":136890,"minecraft:total_world_time":1327046,"tombstone:raider_killed":12,"minecraft:time_since_rest":274426,"minecraft:swim_one_cm":584088,"minecraft:fly_one_cm":3606253,"minecraft:open_chest":790,"minecraft:fall_one_cm":537398,"minecraft:animals_bred":54,"minecraft:damage_resisted":20286,"minecraft:sprint_one_cm":2160355,"minecraft:drop":749,"minecraft:talked_to_villager":2,"minecraft:walk_on_water_one_cm":81115,"minecraft:interact_with_loom":1,"minecraft:crouch_one_cm":532407,"tombstone:villager_killed":1,"minecraft:mob_kills":450,"minecraft:damage_dealt_resisted":8011,"minecraft:climb_one_cm":33904,"minecraft:walk_one_cm":3878018,"tombstone:consume_soul":1,"minecraft:walk_under_water_one_cm":91036,"minecraft:boat_one_cm":95123,"minecraft:interact_with_grindstone":5,"minecraft:damage_taken":407690,"minecraft:trigger_trapped_chest":1,"minecraft:minecart_one_cm":27478},"minecraft:crafted":{"botania:manasteel_block":1,"globalxp:xp_block":1,"waystones:waystone":1,"botania:mana_pool":1,"securitycraft:keypad_item":10,"minecraft:bookshelf":29,"minecraft:iron_bars":16,"botania:red_petal":8,"minecraft:glass":99,"minecraft:diamond_helmet":4,"minecraft:diamond_leggings":3,"minecraft:iron_door":3,"astikorcarts:wheel":2,"botania:light_gray_petal":8,"scalinghealth:power_crystal":7,"minecraft:emerald":2,"minecraft:diamond_axe":2,"minecraft:jungle_boat":2,"waystones:warp_stone":1,"botania:livingwood_twig":1,"botania:runic_altar":1,"minecraft:wooden_hoe":1,"minecraft:stone_slab":6,"minecraft:iron_pickaxe":4,"minecraft:iron_block":12,"minecraft:gold_ingot":201,"securitycraft:limited_use_keycard":1,"minecraft:jungle_sign":6,"tombstone:book_of_disenchantment":1,"biomesoplenty:mahogany_sign":3,"comforts:sleeping_bag_white":1,"botania:blue_petal":12,"minecraft:bone_meal":417,"minecraft:white_carpet":3,"minecraft:diamond":180,"securitycraft:universal_block_remover":1,"botania:white_petal":12,"minecraft:stone_pickaxe":7,"minecraft:diamond_boots":3,"minecraft:redstone_block":150,"minecraft:coal_block":4,"minecraft:enchanting_table":1,"botania:mana_spreader":2,"securitycraft:door_indestructible_iron_item":1,"minecraft:gunpowder":22,"minecraft:iron_shovel":18,"minecraft:iron_leggings":1,"minecraft:white_bed":4,"minecraft:grindstone":2,"minecraft:oak_planks":24,"minecraft:stone":477,"minecraft:heavy_weighted_pressure_plate":10,"securitycraft:laser_block":29,"astikorcarts:animal_cart":1,"minecraft:bow":3,"minecraft:iron_boots":2,"tombstone:grave_key":1,"minecraft:chest":19,"minecraft:rail":48,"minecraft:stone_bricks":4,"minecraft:oak_fence":54,"securitycraft:keypad_door_item":1,"botania:cyan_petal":12,"minecraft:item_frame":1,"minecraft:crafting_table":14,"minecraft:iron_helmet":2,"minecraft:wooden_pickaxe":2,"minecraft:baked_potato":525,"tombstone:decorative_grave_simple":1,"minecraft:gold_block":16,"minecraft:iron_chestplate":1,"minecraft:diamond_pickaxe":21,"minecraft:charcoal":380,"minecraft:stick":232,"minecraft:iron_ingot":319,"minecraft:stone_sword":1,"botania:apothecary_default":1,"minecraft:redstone_torch":14,"vanillaplustools:diamond_hammer":3,"minecraft:shears":1,"securitycraft:universal_block_reinforcer_lvl1":28,"botania:brown_petal":16,"minecraft:redstone":54,"minecraft:coal":90,"biomesoplenty:mahogany_planks":96,"vanillaplustools:iron_shovel":2,"minecraft:furnace":20,"minecraft:stone_button":91,"securitycraft:keypad_frame":1,"minecraft:diamond_block":23,"minecraft:glass_pane":40,"minecraft:iron_axe":2,"minecraft:minecart":2,"minecraft:diamond_sword":5,"minecraft:powered_rail":18,"minecraft:iron_sword":1,"scalinghealth:heart_crystal":1,"minecraft:bucket":2,"minecraft:stone_axe":2,"minecraft:air":0,"minecraft:bread":222,"minecraft:jungle_planks":2594,"tombstone:dark_marble":3,"minecraft:torch":536,"minecraft:lapis_lazuli":117,"minecraft:lapis_block":93,"minecraft:diamond_chestplate":4},"minecraft:mined":{"minecraft:white_bed":1,"alexsmobs:leafcutter_anthill":1,"minecraft:jungle_leaves":6,"minecraft:obsidian":2,"minecraft:granite":30,"botania:livingwood_log":14,"minecraft:jungle_log":447,"botania:light_gray_mushroom":1,"minecraft:cobbled_deepslate":19,"minecraft:deepslate_lapis_ore":61,"minecraft:enchanting_table":1,"scalinghealth:deepslate_power_crystal_ore":22,"biomesoplenty:glowworm_silk":2,"minecraft:soul_fire":7,"minecraft:amethyst_cluster":13,"minecraft:torch":24,"minecraft:dead_bush":1,"botania:endoflame":4,"minecraft:sugar_cane":10,"botania:black_mystical_flower":1,"minecraft:amethyst_block":13,"vampirism:castle_block_dark_brick":4,"minecraft:grass":15,"minecraft:loom":1,"minecraft:smooth_basalt":4,"vampirism:castle_block_dark_brick_bloody":2,"minecraft:deepslate":14899,"minecraft:infested_deepslate":1,"botania:red_mushroom":1,"minecraft:purple_candle":1,"minecraft:jungle_planks":101,"botania:cyan_double_flower":3,"alexsmobs:leafcutter_ant_chamber":2,"minecraft:moss_block":1,"minecraft:polished_blackstone_button":1,"minecraft:snow":5,"minecraft:andesite":76,"minecraft:big_dripleaf_stem":1,"vampirism:altar_infusion":2,"minecraft:vine":29,"minecraft:rail":6,"minecraft:bamboo_sapling":1,"minecraft:bamboo":11,"minecraft:white_wool":20,"minecraft:jungle_sign":7,"minecraft:emerald_ore":4,"biomesoplenty:mahogany_planks":28,"minecraft:tall_grass":2,"minecraft:copper_ore":13,"minecraft:deepslate_gold_ore":109,"minecraft:diorite":52,"globalxp:xp_block":2,"minecraft:birch_leaves":1,"minecraft:gravel":598,"minecraft:chipped_anvil":1,"minecraft:fern":10,"minecraft:farmland":1,"minecraft:jungle_slab":1,"minecraft:sculk_vein":1,"minecraft:budding_amethyst":6,"minecraft:grass_block":169,"botania:apothecary_default":2,"minecraft:iron_ore":65,"minecraft:anvil":2,"minecraft:deepslate_redstone_ore":303,"minecraft:calcite":2,"botania:hydroangeas":5,"minecraft:chest":7,"minecraft:cobblestone":9,"botania:light_gray_double_flower":2,"botania:blue_double_flower":3,"minecraft:wall_torch":24,"minecraft:deepslate_copper_ore":2,"minecraft:powered_rail":1,"biomesoplenty:clover":3,"minecraft:dirt":307,"minecraft:oak_leaves":26,"biomesoplenty:glowing_moss_block":1,"minecraft:tuff":873,"minecraft:deepslate_diamond_ore":136,"minecraft:candle":1,"minecraft:glow_lichen":1,"botania:brown_double_flower":6,"minecraft:hay_block":8,"minecraft:furnace":13,"botania:runic_altar":2,"minecraft:gold_block":1,"minecraft:bookshelf":2,"minecraft:deepslate_iron_ore":129,"biomesoplenty:mahogany_leaves":4,"botania:livingrock":15,"minecraft:stone":1223,"scalinghealth:heart_crystal_ore":3,"minecraft:podzol":2,"minecraft:oak_fence":7,"minecraft:crafting_table":15,"minecraft:sculk_sensor":7,"biomesoplenty:sprout":3,"minecraft:lapis_ore":14,"botania:white_double_flower":2,"minecraft:sculk":44,"botania:red_double_flower":2,"biomesoplenty:mahogany_log":62,"minecraft:redstone_torch":2,"minecraft:coal_ore":267,"biomesoplenty:mahogany_sign":1},"minecraft:picked_up":{"minecraft:anvil":3,"minecraft:diamond_sword":3,"minecraft:wither_rose":3,"minecraft:enchanted_book":10,"minecraft:amethyst_block":37,"minecraft:string":59,"botania:light_gray_double_flower":2,"minecraft:beetroot":1,"vanillaplustools:stone_shovel":1,"vampirism:cursed_spruce_planks":2,"minecraft:gold_nugget":15,"minecraft:cobbled_deepslate":4408,"minecraft:spruce_planks":5,"botania:hydroangeas":7,"minecraft:coal_block":6,"minecraft:big_dripleaf":3,"vanillaplustools:iron_shovel":1,"botania:manasteel_ingot":16,"minecraft:stone_sword":2,"vampirism:blood_bottle":3,"artifacts:lucky_scarf":1,"botania:livingrock":23,"botania:livingwood_log":14,"botania:blue_double_flower":3,"minecraft:iron_bars":16,"minecraft:snowball":62,"minecraft:feather":5,"minecraft:cooked_beef":4,"minecraft:water_bucket":3,"minecraft:jungle_log":1834,"vanillaplustools:diamond_hammer":1,"alexsmobs:bison_fur":1,"minecraft:flint":65,"botania:white_double_flower":3,"minecraft:chipped_anvil":2,"vampirism:altar_pillar":1,"undergarden:gloomgourd_seeds":1,"minecraft:moss_block":2,"biomesoplenty:mahogany_planks":18,"securitycraft:mine":3,"vampirism:ring":2,"scalinghealth:enchanted_heart":7,"minecraft:ink_sac":5,"minecraft:loom":1,"minecraft:dark_oak_log":1,"alexsmobs:animal_dictionary":1,"securitycraft:universal_block_remover":1,"minecraft:bundle":3,"minecraft:iron_hoe":2,"tombstone:book_of_disenchantment":1,"minecraft:deepslate":4,"minecraft:granite":25,"minecraft:bread":12,"alexsmobs:maggot":2,"minecraft:diamond_pickaxe":5,"minecraft:crafting_table":15,"minecraft:mud":3,"minecraft:coarse_dirt":1,"minecraft:nether_wart":1,"vampirism:heart_striker_enhanced":1,"securitycraft:reinforced_jungle_planks":5,"botania:endoflame":9,"minecraft:white_carpet":3,"minecraft:glass_pane":15,"botania:pure_daisy":1,"minecraft:deepslate_diamond_ore":90,"minecraft:beef":7,"minecraft:jungle_sapling":95,"minecraft:poppy":1,"minecraft:minecart":4,"minecraft:chest":7,"globalxp:xp_block":2,"minecraft:egg":41,"minecraft:stone":179,"minecraft:oak_door":1,"minecraft:fire_charge":1,"farmersdelight:tomato_seeds":2,"minecraft:carrot":356,"minecraft:redstone":1510,"minecraft:jungle_sign":12,"minecraft:tnt":2,"botania:runic_altar":2,"minecraft:beetroot_seeds":4,"botania:apothecary_default":2,"minecraft:hay_block":15,"tombstone:essence_of_undeath":1,"minecraft:gold_ingot":46,"artifacts:pocket_piston":1,"minecraft:white_wool":45,"minecraft:rail":6,"minecraft:emerald_ore":2,"vampirism:vampire_blood_bottle":5,"botania:rune_earth":1,"botania:light_gray_mushroom":1,"botania:rune_mana":1,"scalinghealth:bandages":7,"botania:red_mushroom":3,"tombstone:gift":3,"scalinghealth:medkit":2,"minecraft:white_banner":2,"minecraft:apple":3,"minecraft:stone_pickaxe":4,"scalinghealth:power_crystal_shard":61,"tombstone:bag_of_seeds":3,"minecraft:iron_sword":1,"minecraft:smooth_basalt":4,"alexsmobs:fish_bones":1,"minecraft:gravel":225,"botania:rune_air":2,"minecraft:crying_obsidian":2,"vampirism:hunter_axe_ultimate":1,"botania:red_double_flower":2,"minecraft:diamond_shovel":1,"biomesoplenty:mahogany_log":51,"vampirism:castle_block_dark_brick":6,"minecraft:stone_axe":2,"minecraft:diamond_axe":1,"minecraft:deepslate_redstone_ore":191,"securitycraft:universal_block_modifier":2,"securitycraft:keypad":2,"minecraft:baked_potato":1,"minecraft:ender_pearl":17,"minecraft:wheat":929,"securitycraft:keypad_item":10,"minecraft:redstone_block":1,"minecraft:nether_brick":1,"minecraft:gilded_blackstone":39,"botania:rune_water":2,"minecraft:lapis_block":36,"botania:mana_pearl":1,"minecraft:raw_copper":42,"minecraft:deepslate_lapis_ore":32,"alexsmobs:banana":18,"botania:mana_powder":6,"comforts:sleeping_bag_white":1,"minecraft:redstone_torch":2,"minecraft:calcite":2,"vampirism:heart_striker_ultimate":2,"minecraft:iron_pickaxe":7,"minecraft:furnace":13,"minecraft:stick":314,"botania:cyan_double_flower":3,"minecraft:oak_fence":7,"minecraft:torch":96,"astikorcarts:animal_cart":1,"minecraft:diorite":73,"tombstone:grave_dust":44,"vampirism:vampire_fang":2,"minecraft:rotten_flesh":190,"biomesoplenty:mahogany_sapling":1,"chococraft:chocobo_drumstick_cooked":1,"artifacts:panic_necklace":1,"minecraft:obsidian":9,"minecraft:cobblestone":1458,"minecraft:enchanting_table":1,"vampirism:vampire_book":1,"minecraft:andesite":53,"minecraft:potato":529,"minecraft:tuff":254,"graveyard:dark_iron_door":2,"minecraft:lapis_lazuli":824,"minecraft:dirt":1132,"botania:mana_diamond":4,"minecraft:glass":92,"minecraft:bone":174,"minecraft:bow":10,"minecraft:wheat_seeds":2207,"stalwart_dungeons:iron_hammer":1,"minecraft:raw_gold":136,"minecraft:bamboo":110,"minecraft:powered_rail":1,"biomesoplenty:mahogany_sign":1,"minecraft:poisonous_potato":4,"minecraft:jungle_planks":180,"minecraft:grass_block":6,"securitycraft:reinforced_stone":18,"minecraft:jungle_slab":1,"blue_skies:pine_fruit_seeds":3,"minecraft:diamond":403,"minecraft:emerald":25,"scalinghealth:cursed_heart":2,"minecraft:oak_sapling":19,"minecraft:charcoal":24,"minecraft:azure_bluet":1,"botania:brown_double_flower":6,"minecraft:wooden_pickaxe":1,"minecraft:gold_block":1,"minecraft:shield":1,"minecraft:iron_axe":2,"minecraft:item_frame":3,"artifacts:fire_gauntlet":1,"graveyard:corruption":4,"botania:mana_string":3,"minecraft:candle":1,"scalinghealth:chance_heart":10,"minecraft:sugar_cane":20,"farmersdelight:golden_knife":1,"minecraft:raw_iron":224,"minecraft:stone_button":1,"alexsmobs:leafcutter_ant_pupa":8,"minecraft:purple_candle":3,"minecraft:arrow":178,"minecraft:nether_bricks":1,"scalinghealth:power_crystal":1,"minecraft:jungle_boat":1,"botania:twig_wand":5,"minecraft:golden_carrot":6,"minecraft:glow_ink_sac":9,"minecraft:leather":12,"securitycraft:keypad_chest":8,"minecraft:gunpowder":52,"scalinghealth:deepslate_power_crystal_ore":7,"scalinghealth:heart_crystal":30,"mca:book_romance":2,"minecraft:wooden_hoe":1,"botania:black_mystical_flower":1,"vampirism:human_heart":1,"minecraft:iron_ingot":144,"minecraft:cooked_chicken":6,"securitycraft:universal_block_reinforcer_lvl1":2,"minecraft:soul_sand":1,"minecraft:book":109,"blue_skies:winter_leaf_seeds":2,"scalinghealth:heart_crystal_shard":23,"minecraft:amethyst_shard":52,"botania:white_petal":2,"minecraft:white_bed":1,"vampirism:altar_infusion":2,"biomesoplenty:glowing_moss_block":1,"minecraft:spider_eye":34,"artifacts:helium_flamingo":3,"tombstone:magic_scroll":5,"securitycraft:door_indestructible_iron_item":2,"minecraft:coal":524}},"DataVersion":3120}