{"stats":{"minecraft:dropped":{"alexsmobs:fish_bones":1,"minecraft:iron_sword":1,"minecraft:candle":1,"minecraft:soul_sand":1,"minecraft:lapis_lazuli":27,"minecraft:cooked_beef":4,"minecraft:baked_potato":62,"minecraft:emerald_ore":1,"minecraft:ender_pearl":3,"minecraft:diamond":74,"botania:red_mushroom":1,"minecraft:jungle_planks":64,"alexsmobs:bison_fur":1,"minecraft:dirt":25,"tombstone:bag_of_seeds":1,"minecraft:stone_button":2,"botania:light_gray_mushroom":1,"minecraft:snowball":11,"minecraft:jungle_sapling":7,"minecraft:gold_nugget":15,"minecraft:gilded_blackstone":39,"minecraft:bone_meal":39,"minecraft:iron_pickaxe":7,"minecraft:white_wool":4,"vampirism:altar_infusion":2,"minecraft:gold_ingot":27,"minecraft:gravel":156,"minecraft:stone_axe":3,"minecraft:cooked_chicken":2,"minecraft:cobbled_deepslate":2877,"minecraft:wheat":17,"vampirism:vampire_orchid":1,"minecraft:obsidian":2,"tombstone:gift":1,"minecraft:rotten_flesh":62,"vampirism:blood_bottle":2,"minecraft:diamond_shovel":1,"biomesoplenty:glowing_moss_block":1,"minecraft:carrot":7,"minecraft:leather_chestplate":1,"minecraft:gunpowder":14,"vampirism:vampire_blood_bottle":2,"artifacts:helium_flamingo":2,"minecraft:beetroot_seeds":4,"minecraft:jungle_log":263,"vampirism:hunter_axe_ultimate":1,"minecraft:leather_leggings":1,"minecraft:arrow":7,"minecraft:bread":55,"minecraft:water_bucket":3,"minecraft:iron_ingot":104,"minecraft:wheat_seeds":1357,"minecraft:tnt":2,"vampirism:vampire_book":1,"minecraft:feather":1,"minecraft:iron_helmet":1,"minecraft:cobblestone":86,"minecraft:book":104,"minecraft:granite":3,"vanillaplustools:iron_shovel":1,"minecraft:grass_block":1,"minecraft:coal":138,"scalinghealth:power_crystal":2,"artifacts:lucky_scarf":1,"farmersdelight:golden_knife":1,"minecraft:diorite":64,"minecraft:ink_sac":5,"scalinghealth:heart_crystal":6,"minecraft:torch":42,"minecraft:wither_rose":3,"minecraft:white_banner":1,"minecraft:iron_axe":1,"vampirism:ring":2,"minecraft:iron_shovel":1,"minecraft:string":2,"tombstone:decorative_grave_simple":1,"minecraft:smooth_basalt":4,"securitycraft:reinforced_stone":2,"vanillaplustools:diamond_hammer":1,"minecraft:stone_sword":3,"minecraft:raw_copper":42,"minecraft:tuff":185,"farmersdelight:cabbage_seeds":1,"minecraft:iron_boots":2,"minecraft:iron_hoe":2,"vampirism:heart_striker_enhanced":1,"minecraft:diamond_sword":4,"securitycraft:universal_block_remover":1,"minecraft:shield":1,"minecraft:spruce_planks":3,"minecraft:diamond_pickaxe":6,"minecraft:iron_chestplate":2,"minecraft:andesite":46,"artifacts:pocket_piston":1,"minecraft:oak_sapling":2,"botania:twig_wand":2,"minecraft:spider_eye":8,"minecraft:bow":4,"tombstone:book_of_disenchantment":1,"minecraft:stone_pickaxe":4,"minecraft:wooden_pickaxe":2,"securitycraft:universal_block_reinforcer_lvl1":2,"minecraft:calcite":2},"minecraft:broken":{"minecraft:iron_boots":1,"minecraft:iron_leggings":1,"minecraft:stone_pickaxe":7,"minecraft:iron_sword":1,"securitycraft:universal_block_reinforcer_lvl1":26,"minecraft:leather_helmet":1,"minecraft:diamond_axe":1,"minecraft:iron_axe":2,"minecraft:leather_boots":1,"minecraft:iron_pickaxe":6,"minecraft:iron_helmet":2,"vanillaplustools:stone_shovel":1},"minecraft:picked_up":{"minecraft:wheat":838,"securitycraft:keypad_item":10,"minecraft:redstone_block":1,"minecraft:anvil":2,"minecraft:diamond_sword":3,"minecraft:gilded_blackstone":39,"minecraft:wither_rose":3,"minecraft:enchanted_book":10,"minecraft:amethyst_block":37,"minecraft:lapis_block":36,"minecraft:string":38,"minecraft:raw_copper":42,"minecraft:deepslate_lapis_ore":32,"minecraft:beetroot":1,"vanillaplustools:stone_shovel":1,"vampirism:cursed_spruce_planks":2,"minecraft:gold_nugget":15,"minecraft:cobbled_deepslate":4408,"alexsmobs:banana":18,"comforts:sleeping_bag_white":1,"minecraft:spruce_planks":5,"minecraft:redstone_torch":2,"minecraft:calcite":2,"minecraft:iron_pickaxe":7,"minecraft:coal_block":6,"minecraft:furnace":13,"minecraft:stick":314,"minecraft:oak_fence":7,"minecraft:torch":92,"vanillaplustools:iron_shovel":1,"astikorcarts:animal_cart":1,"vampirism:vampire_fang":1,"tombstone:grave_dust":34,"minecraft:diorite":73,"minecraft:stone_sword":2,"vampirism:blood_bottle":2,"artifacts:lucky_scarf":1,"minecraft:rotten_flesh":110,"biomesoplenty:mahogany_sapling":1,"chococraft:chocobo_drumstick_cooked":1,"artifacts:panic_necklace":1,"minecraft:obsidian":9,"minecraft:iron_bars":16,"minecraft:snowball":62,"minecraft:cobblestone":1398,"minecraft:enchanting_table":1,"vampirism:vampire_book":1,"minecraft:feather":2,"minecraft:cooked_beef":4,"minecraft:andesite":53,"minecraft:water_bucket":3,"minecraft:jungle_log":1828,"minecraft:potato":174,"alexsmobs:bison_fur":1,"minecraft:flint":65,"minecraft:tuff":254,"graveyard:dark_iron_door":2,"minecraft:lapis_lazuli":824,"minecraft:dirt":1088,"minecraft:glass":20,"minecraft:bone":79,"minecraft:chipped_anvil":2,"minecraft:bow":6,"vampirism:altar_pillar":1,"minecraft:wheat_seeds":2097,"stalwart_dungeons:iron_hammer":1,"minecraft:raw_gold":136,"undergarden:gloomgourd_seeds":1,"minecraft:bamboo":106,"minecraft:powered_rail":1,"minecraft:moss_block":2,"biomesoplenty:mahogany_planks":18,"securitycraft:mine":3,"biomesoplenty:mahogany_sign":1,"vampirism:ring":2,"minecraft:jungle_planks":180,"scalinghealth:enchanted_heart":4,"minecraft:ink_sac":5,"minecraft:grass_block":3,"securitycraft:reinforced_stone":15,"minecraft:loom":1,"minecraft:dark_oak_log":1,"minecraft:jungle_slab":1,"alexsmobs:animal_dictionary":1,"minecraft:iron_hoe":2,"securitycraft:universal_block_remover":1,"minecraft:bundle":1,"tombstone:book_of_disenchantment":1,"blue_skies:pine_fruit_seeds":3,"minecraft:diamond":403,"minecraft:deepslate":4,"minecraft:granite":25,"minecraft:emerald":14,"scalinghealth:cursed_heart":1,"minecraft:bread":12,"alexsmobs:maggot":2,"minecraft:oak_sapling":19,"minecraft:mud":3,"minecraft:diamond_pickaxe":5,"minecraft:charcoal":17,"minecraft:crafting_table":15,"minecraft:azure_bluet":1,"minecraft:wooden_pickaxe":1,"vampirism:heart_striker_enhanced":1,"minecraft:gold_block":1,"securitycraft:reinforced_jungle_planks":4,"minecraft:shield":1,"minecraft:iron_axe":1,"minecraft:item_frame":3,"artifacts:fire_gauntlet":1,"graveyard:corruption":2,"minecraft:candle":1,"minecraft:deepslate_diamond_ore":90,"minecraft:beef":7,"scalinghealth:chance_heart":3,"minecraft:jungle_sapling":95,"minecraft:minecart":3,"minecraft:poppy":1,"farmersdelight:golden_knife":1,"minecraft:sugar_cane":20,"minecraft:chest":6,"globalxp:xp_block":2,"minecraft:egg":10,"minecraft:raw_iron":224,"minecraft:stone":14,"minecraft:oak_door":1,"farmersdelight:tomato_seeds":2,"minecraft:stone_button":1,"minecraft:carrot":356,"minecraft:redstone":1510,"minecraft:jungle_sign":12,"minecraft:tnt":2,"minecraft:purple_candle":3,"minecraft:arrow":88,"minecraft:beetroot_seeds":4,"minecraft:hay_block":8,"tombstone:essence_of_undeath":1,"minecraft:gold_ingot":46,"artifacts:pocket_piston":1,"scalinghealth:power_crystal":1,"minecraft:rail":6,"minecraft:white_wool":45,"minecraft:emerald_ore":2,"minecraft:jungle_boat":1,"botania:twig_wand":2,"vampirism:vampire_blood_bottle":3,"minecraft:golden_carrot":6,"minecraft:glow_ink_sac":9,"botania:light_gray_mushroom":1,"scalinghealth:bandages":3,"securitycraft:keypad_chest":6,"minecraft:gunpowder":41,"botania:red_mushroom":3,"scalinghealth:heart_crystal":23,"mca:book_romance":2,"scalinghealth:deepslate_power_crystal_ore":7,"minecraft:wooden_hoe":1,"scalinghealth:medkit":1,"minecraft:white_banner":2,"tombstone:gift":3,"botania:black_mystical_flower":1,"minecraft:apple":3,"minecraft:iron_ingot":141,"minecraft:stone_pickaxe":4,"minecraft:cooked_chicken":3,"securitycraft:universal_block_reinforcer_lvl1":1,"scalinghealth:power_crystal_shard":40,"tombstone:bag_of_seeds":3,"minecraft:iron_sword":1,"minecraft:soul_sand":1,"minecraft:book":109,"blue_skies:winter_leaf_seeds":2,"scalinghealth:heart_crystal_shard":17,"minecraft:smooth_basalt":4,"alexsmobs:fish_bones":1,"minecraft:gravel":225,"minecraft:amethyst_shard":52,"minecraft:crying_obsidian":2,"minecraft:white_bed":1,"vampirism:hunter_axe_ultimate":1,"vampirism:altar_infusion":2,"biomesoplenty:glowing_moss_block":1,"minecraft:spider_eye":21,"artifacts:helium_flamingo":3,"biomesoplenty:mahogany_log":48,"minecraft:diamond_shovel":1,"vampirism:castle_block_dark_brick":6,"minecraft:stone_axe":2,"minecraft:deepslate_redstone_ore":191,"securitycraft:keypad":2,"tombstone:magic_scroll":4,"securitycraft:door_indestructible_iron_item":2,"minecraft:coal":501,"minecraft:ender_pearl":8},"minecraft:killed_by":{"vampirism:advanced_vampire":2,"graveyard:acolyte":1,"vampirism:vampire":1,"graveyard:ghoul":1,"minecraft:enderman":1,"alexsmobs:bison":1,"minecraft:warden":6},"minecraft:crafted":{"minecraft:grindstone":2,"minecraft:oak_planks":24,"globalxp:xp_block":1,"minecraft:stone":477,"securitycraft:keypad_item":10,"minecraft:bookshelf":29,"minecraft:heavy_weighted_pressure_plate":10,"minecraft:iron_bars":16,"securitycraft:laser_block":29,"minecraft:glass":99,"astikorcarts:animal_cart":1,"minecraft:diamond_helmet":2,"minecraft:bow":3,"minecraft:diamond_leggings":2,"minecraft:iron_boots":2,"tombstone:grave_key":1,"minecraft:chest":16,"minecraft:iron_door":3,"minecraft:rail":48,"astikorcarts:wheel":2,"minecraft:oak_fence":54,"securitycraft:keypad_door_item":1,"scalinghealth:power_crystal":5,"minecraft:item_frame":1,"minecraft:emerald":2,"minecraft:diamond_axe":2,"minecraft:crafting_table":12,"minecraft:jungle_boat":2,"minecraft:baked_potato":142,"minecraft:wooden_pickaxe":2,"minecraft:iron_helmet":2,"tombstone:decorative_grave_simple":1,"minecraft:gold_block":16,"minecraft:iron_chestplate":1,"minecraft:wooden_hoe":1,"minecraft:diamond_pickaxe":21,"minecraft:charcoal":188,"minecraft:stick":232,"minecraft:stone_slab":6,"minecraft:iron_ingot":301,"minecraft:iron_pickaxe":4,"minecraft:stone_sword":1,"minecraft:iron_block":12,"minecraft:gold_ingot":201,"minecraft:redstone_torch":14,"vanillaplustools:diamond_hammer":3,"securitycraft:limited_use_keycard":1,"minecraft:shears":1,"biomesoplenty:mahogany_sign":3,"securitycraft:universal_block_reinforcer_lvl1":28,"minecraft:jungle_sign":6,"minecraft:redstone":45,"biomesoplenty:mahogany_planks":92,"comforts:sleeping_bag_white":1,"vanillaplustools:iron_shovel":2,"minecraft:furnace":20,"minecraft:stone_button":91,"minecraft:bone_meal":153,"securitycraft:keypad_frame":1,"minecraft:diamond_block":23,"minecraft:glass_pane":40,"minecraft:diamond":180,"minecraft:iron_axe":2,"securitycraft:universal_block_remover":1,"minecraft:stone_pickaxe":7,"minecraft:diamond_boots":2,"minecraft:redstone_block":150,"minecraft:minecart":2,"minecraft:coal_block":4,"minecraft:diamond_sword":5,"minecraft:enchanting_table":1,"minecraft:powered_rail":18,"minecraft:iron_sword":1,"scalinghealth:heart_crystal":1,"minecraft:bucket":2,"minecraft:stone_axe":2,"minecraft:air":0,"minecraft:bread":222,"minecraft:jungle_planks":2582,"securitycraft:door_indestructible_iron_item":1,"minecraft:gunpowder":22,"tombstone:dark_marble":3,"minecraft:iron_shovel":18,"minecraft:iron_leggings":1,"minecraft:white_bed":4,"minecraft:torch":536,"minecraft:lapis_lazuli":54,"minecraft:lapis_block":93,"minecraft:diamond_chestplate":2},"minecraft:mined":{"minecraft:white_bed":1,"minecraft:farmland":1,"minecraft:jungle_slab":1,"minecraft:sculk_vein":1,"minecraft:jungle_leaves":6,"minecraft:obsidian":2,"minecraft:granite":30,"minecraft:budding_amethyst":6,"minecraft:grass_block":168,"minecraft:jungle_log":447,"botania:light_gray_mushroom":1,"minecraft:iron_ore":65,"minecraft:cobbled_deepslate":19,"minecraft:anvil":1,"minecraft:deepslate_lapis_ore":61,"minecraft:enchanting_table":1,"scalinghealth:deepslate_power_crystal_ore":22,"minecraft:deepslate_redstone_ore":303,"biomesoplenty:glowworm_silk":2,"minecraft:soul_fire":7,"minecraft:amethyst_cluster":13,"minecraft:torch":23,"minecraft:calcite":2,"minecraft:chest":7,"minecraft:cobblestone":9,"minecraft:sugar_cane":10,"botania:black_mystical_flower":1,"minecraft:wall_torch":24,"minecraft:amethyst_block":13,"minecraft:deepslate_copper_ore":2,"vampirism:castle_block_dark_brick":4,"minecraft:powered_rail":1,"minecraft:grass":12,"biomesoplenty:clover":2,"minecraft:loom":1,"minecraft:dirt":304,"minecraft:smooth_basalt":4,"vampirism:castle_block_dark_brick_bloody":2,"minecraft:oak_leaves":26,"minecraft:deepslate":14899,"minecraft:infested_deepslate":1,"biomesoplenty:glowing_moss_block":1,"minecraft:tuff":873,"minecraft:deepslate_diamond_ore":136,"minecraft:candle":1,"botania:red_mushroom":1,"minecraft:purple_candle":1,"minecraft:glow_lichen":1,"minecraft:jungle_planks":101,"minecraft:moss_block":1,"minecraft:hay_block":8,"minecraft:furnace":13,"minecraft:polished_blackstone_button":1,"minecraft:snow":5,"minecraft:andesite":76,"minecraft:gold_block":1,"minecraft:rail":6,"minecraft:bookshelf":2,"vampirism:altar_infusion":2,"minecraft:deepslate_iron_ore":129,"minecraft:vine":29,"biomesoplenty:mahogany_leaves":4,"minecraft:bamboo_sapling":1,"minecraft:bamboo":11,"minecraft:stone":1168,"minecraft:white_wool":20,"scalinghealth:heart_crystal_ore":3,"minecraft:podzol":2,"minecraft:jungle_sign":7,"minecraft:oak_fence":7,"minecraft:crafting_table":15,"minecraft:emerald_ore":3,"biomesoplenty:mahogany_planks":28,"minecraft:sculk_sensor":7,"biomesoplenty:sprout":3,"minecraft:copper_ore":13,"minecraft:tall_grass":2,"minecraft:deepslate_gold_ore":109,"minecraft:lapis_ore":14,"minecraft:sculk":44,"minecraft:diorite":52,"biomesoplenty:mahogany_log":61,"minecraft:redstone_torch":2,"globalxp:xp_block":2,"minecraft:birch_leaves":1,"minecraft:coal_ore":267,"minecraft:gravel":598,"biomesoplenty:mahogany_sign":1,"minecraft:chipped_anvil":1,"minecraft:fern":5},"minecraft:used":{"minecraft:beetroot":1,"stalwart_dungeons:iron_hammer":1,"minecraft:purple_candle":3,"minecraft:chest":17,"minecraft:stone":22,"minecraft:iron_sword":247,"chococraft:chocobo_drumstick_cooked":1,"securitycraft:keypad_item":4,"minecraft:jungle_planks":3028,"minecraft:carrot":343,"minecraft:tuff":54,"minecraft:snowball":51,"minecraft:milk_bucket":1,"vanillaplustools:iron_shovel":167,"minecraft:jungle_sapling":91,"minecraft:item_frame":3,"minecraft:deepslate_diamond_ore":90,"minecraft:bow":349,"minecraft:hay_block":1,"minecraft:furnace":33,"minecraft:egg":10,"minecraft:potato":3,"minecraft:diorite":6,"minecraft:leather_leggings":1,"securitycraft:door_indestructible_iron_item":2,"minecraft:powered_rail":19,"minecraft:stone_pickaxe":919,"minecraft:wooden_pickaxe":29,"minecraft:leather_chestplate":1,"securitycraft:keypad_frame":1,"minecraft:sugar_cane":20,"minecraft:diamond_axe":351,"minecraft:jungle_boat":3,"vanillaplustools:diamond_hammer":1556,"minecraft:loom":1,"scalinghealth:cursed_heart":1,"minecraft:deepslate_redstone_ore":191,"securitycraft:universal_block_remover":29,"minecraft:deepslate_lapis_ore":32,"minecraft:redstone_torch":16,"minecraft:dark_oak_log":1,"scalinghealth:enchanted_heart":5,"minecraft:bread":169,"vampirism:altar_pillar":1,"tombstone:grave_key":1,"minecraft:gravel":5,"graveyard:dark_iron_door":2,"minecraft:jungle_sign":11,"minecraft:diamond_sword":767,"globalxp:xp_block":3,"minecraft:grindstone":2,"minecraft:andesite":7,"minecraft:bone_meal":139,"minecraft:oak_fence":61,"biomesoplenty:mahogany_planks":36,"minecraft:enchanting_table":2,"minecraft:stone_sword":50,"securitycraft:keypad_chest":6,"botania:black_mystical_flower":1,"securitycraft:keypad_door_item":1,"astikorcarts:animal_cart":1,"minecraft:cooked_chicken":1,"minecraft:torch":420,"minecraft:anvil":1,"minecraft:dirt":457,"scalinghealth:heart_crystal":19,"securitycraft:reinforced_stone":11,"minecraft:granite":17,"minecraft:chipped_anvil":1,"minecraft:bookshelf":29,"minecraft:iron_axe":438,"scalinghealth:power_crystal":4,"minecraft:bamboo":104,"minecraft:golden_carrot":2,"minecraft:beef":7,"minecraft:minecart":3,"alexsmobs:banana":5,"tombstone:gift":7,"comforts:sleeping_bag_white":1,"minecraft:cobbled_deepslate":1028,"minecraft:wheat_seeds":205,"minecraft:water_bucket":59,"minecraft:baked_potato":5,"scalinghealth:chance_heart":3,"biomesoplenty:mahogany_log":11,"scalinghealth:deepslate_power_crystal_ore":7,"securitycraft:keypad":1,"minecraft:rail":69,"minecraft:white_bed":5,"minecraft:crafting_table":26,"securitycraft:reinforced_jungle_planks":4,"vanillaplustools:stone_shovel":24,"tombstone:bag_of_seeds":1,"minecraft:mud":3,"minecraft:wooden_hoe":40,"minecraft:diamond_pickaxe":2282,"minecraft:iron_pickaxe":1501,"minecraft:leather_helmet":1,"biomesoplenty:mahogany_sign":1,"minecraft:stone_axe":106,"scalinghealth:medkit":1,"minecraft:cobblestone":333,"minecraft:white_banner":1,"minecraft:bucket":60,"alexsmobs:animal_dictionary":1},"minecraft:killed":{"vampirism:vampire":9,"minecraft:witch":1,"graveyard:skeleton_creeper":2,"vampirism:advanced_vampire":3,"minecraft:spider":33,"creeperoverhaul:bamboo_creeper":1,"minecraft:skeleton":59,"vampirism:blinding_bat":1,"alexsmobs:leafcutter_ant":8,"minecraft:chicken":2,"graveyard:reaper":1,"ravageandcabbage:ravager":1,"minecraft:skeleton_horse":2,"artifacts:mimic":1,"alexsmobs:seal":1,"minecraft:creeper":20,"minecraft:zombie":91,"mca:male_villager":1,"minecraft:glow_squid":1,"takesapillage:archer":2,"minecraft:cow":2,"chococraft:chocobo":1,"takesapillage:legioner":2,"minecraft:vindicator":1,"alexsmobs:gorilla":1,"minecraft:phantom":2,"minecraft:drowned":1,"alexsmobs:bison":2,"goblintraders:goblin_trader":1,"graveyard:ghoul":7,"minecraft:enderman":6},"minecraft:custom":{"minecraft:animals_bred":22,"minecraft:interact_with_crafting_table":230,"minecraft:open_barrel":21,"goblintraders:trade_with_goblin":72,"minecraft:leave_game":17,"minecraft:time_since_death":506783,"minecraft:damage_resisted":19997,"minecraft:sprint_one_cm":1832649,"minecraft:drop":397,"minecraft:talked_to_villager":2,"minecraft:play_time":1111126,"minecraft:deaths":18,"minecraft:jump":17413,"minecraft:walk_on_water_one_cm":77968,"minecraft:enchant_item":11,"minecraft:interact_with_furnace":251,"minecraft:interact_with_cartography_table":1,"minecraft:interact_with_loom":1,"minecraft:sleep_in_bed":16,"minecraft:waystone_activated":2,"minecraft:damage_dealt":103610,"minecraft:crouch_one_cm":493211,"tombstone:undead_killed":164,"tombstone:villager_killed":1,"minecraft:interact_with_smoker":3,"minecraft:interact_with_anvil":9,"minecraft:mob_kills":309,"minecraft:damage_dealt_resisted":3571,"minecraft:climb_one_cm":31671,"minecraft:walk_one_cm":3253956,"minecraft:sneak_time":126613,"minecraft:walk_under_water_one_cm":76451,"minecraft:boat_one_cm":95123,"minecraft:total_world_time":1111126,"tombstone:raider_killed":8,"minecraft:interact_with_grindstone":5,"minecraft:time_since_rest":58506,"minecraft:damage_taken":401301,"minecraft:trigger_trapped_chest":1,"minecraft:minecart_one_cm":18909,"minecraft:swim_one_cm":487622,"minecraft:fly_one_cm":2974218,"minecraft:open_chest":618,"minecraft:fall_one_cm":465170}},"DataVersion":3120}