{"stats":{"minecraft:killed":{"vampirism:vampire":1,"alexsmobs:raccoon":1,"creeperoverhaul:bamboo_creeper":1,"minecraft:skeleton":5,"minecraft:sheep":3,"minecraft:pillager":3,"minecraft:zombie":5,"minecraft:cow":2},"minecraft:broken":{"minecraft:stone_pickaxe":2,"minecraft:iron_axe":3,"minecraft:stone_axe":2,"minecraft:iron_pickaxe":1,"securitycraft:universal_block_reinforcer_lvl1":1},"minecraft:killed_by":{"vampirism:advanced_vampire":1,"minecraft:skeleton":1},"minecraft:mined":{"scalinghealth:power_crystal_ore":1,"minecraft:jungle_leaves":4,"minecraft:cave_vines_plant":1,"minecraft:glow_lichen":1,"minecraft:granite":39,"minecraft:grass_block":44,"biomesoplenty:stripped_mahogany_log":1,"minecraft:jungle_planks":257,"minecraft:jungle_log":9,"minecraft:moss_block":1,"minecraft:redstone_ore":2,"minecraft:carrots":5,"minecraft:iron_ore":34,"minecraft:cobbled_deepslate":2,"minecraft:andesite":28,"chococraft:gysahl_green":1,"minecraft:potatoes":1,"minecraft:cave_vines":1,"biomesoplenty:mahogany_leaves":11,"minecraft:vine":30,"minecraft:bamboo":1,"minecraft:stone":539,"scalinghealth:heart_crystal_ore":1,"minecraft:deepslate_redstone_ore":3,"biomesoplenty:orange_sand":275,"minecraft:clay":9,"minecraft:crafting_table":2,"minecraft:torch":15,"biomesoplenty:mahogany_planks":1,"minecraft:rose_bush":1,"minecraft:tall_grass":2,"minecraft:copper_ore":5,"minecraft:cobblestone":7,"biomesoplenty:sprout":14,"minecraft:lapis_ore":2,"minecraft:oak_planks":41,"minecraft:diorite":11,"minecraft:wall_torch":26,"biomesoplenty:mahogany_log":13,"minecraft:wheat":11,"minecraft:grass":47,"biomesoplenty:clover":9,"minecraft:oak_log":70,"minecraft:coal_ore":105,"minecraft:gravel":25,"minecraft:dirt":107,"minecraft:oak_leaves":26,"minecraft:deepslate":153,"minecraft:fern":45},"minecraft:used":{"biomesoplenty:mahogany_planks":25,"minecraft:chest":1,"minecraft:oak_door":2,"minecraft:torch":49,"minecraft:dirt":59,"minecraft:jungle_planks":4365,"minecraft:carrot":156,"securitycraft:reinforced_stone":1,"minecraft:jungle_sapling":5,"vanillaplustools:iron_shovel":69,"minecraft:iron_axe":207,"minecraft:furnace":1,"alexsmobs:banana":1,"tombstone:gift":2,"minecraft:cooked_beef":4,"minecraft:potato":4,"minecraft:cobbled_deepslate":54,"minecraft:wheat_seeds":1,"minecraft:cooked_mutton":2,"minecraft:diorite":2,"minecraft:stone_pickaxe":262,"minecraft:oak_planks":217,"minecraft:wooden_pickaxe":11,"minecraft:crafting_table":2,"minecraft:white_bed":1,"minecraft:oak_log":1,"minecraft:diamond_pickaxe":285,"minecraft:iron_pickaxe":474,"minecraft:stone_axe":272,"minecraft:cobblestone":160,"minecraft:bone_meal":14},"minecraft:dropped":{"minecraft:moss_block":3,"minecraft:wheat_seeds":63,"minecraft:diamond":6,"minecraft:cobblestone":65,"chococraft:gysahl_green_seeds":2,"minecraft:granite":1,"minecraft:jungle_planks":8,"vanillaplustools:iron_shovel":2,"minecraft:stick":51,"minecraft:dirt":9,"minecraft:diorite":3,"minecraft:torch":10,"minecraft:rose_bush":1,"minecraft:jungle_sapling":3,"minecraft:iron_axe":1,"minecraft:iron_pickaxe":1,"minecraft:redstone_block":1,"minecraft:redstone":16,"minecraft:bone":5,"tombstone:gift":2,"minecraft:carrot":18,"securitycraft:universal_block_remover":1,"minecraft:oak_sapling":2,"minecraft:azalea":1,"minecraft:bamboo":1,"minecraft:arrow":1,"minecraft:glass":40,"minecraft:stone_pickaxe":1,"chococraft:gysahl_green":9},"minecraft:picked_up":{"minecraft:cocoa_beans":6,"minecraft:crafting_table":2,"minecraft:wheat":12,"minecraft:clay_ball":68,"minecraft:wooden_pickaxe":2,"minecraft:moss_carpet":2,"minecraft:raw_copper":20,"minecraft:iron_axe":1,"biomesoplenty:stripped_mahogany_log":1,"alexsmobs:banana":5,"minecraft:cobbled_deepslate":79,"minecraft:beef":4,"minecraft:rose_bush":2,"minecraft:jungle_sapling":26,"minecraft:azalea":1,"alexsmobs:raccoon_tail":1,"minecraft:iron_boots":1,"minecraft:stick":65,"minecraft:raw_iron":32,"minecraft:torch":42,"vanillaplustools:iron_shovel":2,"tombstone:grave_dust":2,"minecraft:diorite":10,"minecraft:carrot":19,"minecraft:redstone":25,"minecraft:rotten_flesh":5,"minecraft:arrow":8,"minecraft:tropical_fish":1,"minecraft:mutton":2,"biomesoplenty:orange_sand":247,"minecraft:white_wool":3,"minecraft:cobblestone":554,"minecraft:andesite":28,"minecraft:jungle_log":1283,"minecraft:leather":3,"minecraft:potato":3,"minecraft:flint":3,"minecraft:oak_log":143,"scalinghealth:bandages":2,"minecraft:lapis_lazuli":18,"minecraft:dirt":133,"tombstone:gift":1,"chococraft:chocobo_feather":1,"minecraft:glass":20,"minecraft:bone":11,"chococraft:gysahl_green":9,"minecraft:wheat_seeds":77,"minecraft:stone_pickaxe":1,"minecraft:iron_ingot":68,"securitycraft:universal_block_reinforcer_lvl1":1,"scalinghealth:power_crystal_shard":9,"minecraft:bamboo":14,"minecraft:moss_block":4,"minecraft:oak_planks":40,"biomesoplenty:mahogany_planks":1,"scalinghealth:heart_crystal_shard":1,"minecraft:gravel":21,"minecraft:jungle_planks":321,"chococraft:gysahl_green_seeds":2,"securitycraft:reinforced_stone":1,"securitycraft:universal_block_remover":1,"biomesoplenty:mahogany_log":14,"minecraft:diamond":5,"minecraft:iron_helmet":1,"minecraft:granite":35,"minecraft:bone_meal":39,"scalinghealth:cursed_heart":1,"minecraft:oak_sapling":3,"minecraft:coal":101},"minecraft:crafted":{"minecraft:oak_door":2,"minecraft:oak_planks":346,"biomesoplenty:mahogany_planks":28,"minecraft:furnace":1,"minecraft:stone":7,"minecraft:cooked_mutton":2,"minecraft:glass":20,"minecraft:iron_boots":1,"minecraft:iron_axe":3,"minecraft:stone_pickaxe":2,"minecraft:chest":1,"minecraft:redstone_block":2,"minecraft:cooked_beef":4,"minecraft:crafting_table":1,"minecraft:wooden_pickaxe":1,"minecraft:stone_axe":3,"minecraft:jungle_planks":4916,"minecraft:iron_chestplate":1,"minecraft:stick":20,"minecraft:iron_ingot":17,"minecraft:iron_pickaxe":2,"minecraft:iron_leggings":1,"minecraft:white_bed":1,"minecraft:torch":24},"minecraft:custom":{"minecraft:mob_kills":20,"minecraft:interact_with_crafting_table":55,"minecraft:damage_dealt_resisted":158,"minecraft:leave_game":9,"minecraft:time_since_death":113078,"minecraft:climb_one_cm":14209,"minecraft:sprint_one_cm":555210,"minecraft:walk_one_cm":1564394,"minecraft:drop":55,"minecraft:play_time":359769,"minecraft:deaths":3,"minecraft:sneak_time":15644,"minecraft:walk_under_water_one_cm":14119,"minecraft:jump":4472,"minecraft:walk_on_water_one_cm":26725,"minecraft:total_world_time":359769,"minecraft:interact_with_furnace":48,"tombstone:raider_killed":3,"minecraft:sleep_in_bed":5,"minecraft:time_since_rest":2371,"minecraft:waystone_activated":1,"minecraft:damage_taken":105406,"minecraft:damage_dealt":6831,"minecraft:fly_one_cm":213090,"minecraft:open_chest":123,"minecraft:crouch_one_cm":86038,"tombstone:undead_killed":10,"minecraft:fall_one_cm":84404}},"DataVersion":3120}