{"stats":{"minecraft:dropped":{"minecraft:iron_sword":4,"minecraft:soul_sand":1,"minecraft:porkchop":19,"minecraft:lapis_lazuli":12,"minecraft:glass_bottle":7,"minecraft:diamond":3,"minecraft:crafting_table":4,"minecraft:stripped_birch_wood":8,"minecraft:lantern":1,"minecraft:leather":7,"minecraft:iron_horse_armor":2,"minecraft:saddle":9,"minecraft:rail":1,"minecraft:flint":3,"minecraft:music_disc_13":1,"minecraft:emerald":4,"minecraft:dirt":93,"minecraft:mutton":1,"minecraft:snowball":209,"minecraft:pumpkin_pie":24,"minecraft:bone_block":7,"minecraft:iron_pickaxe":1,"minecraft:white_wool":2,"minecraft:bone":52,"graveyard:dark_iron_trapdoor":1,"alexsmobs:gazelle_horn":1,"minecraft:cobbled_deepslate":128,"vampirism:holy_water_bottle_normal":2,"minecraft:music_disc_otherside":1,"minecraft:wheat":4,"minecraft:rotten_flesh":30,"chococraft:chocobo_drumstick_cooked":1,"minecraft:oak_planks":16,"minecraft:diamond_shovel":4,"minecraft:carrot":29,"minecraft:deepslate_tiles":2,"minecraft:gunpowder":2,"vampirism:vampire_fang":4,"minecraft:acacia_slab":2,"minecraft:ladder":3,"vampirism:hunter_axe_ultimate":1,"minecraft:arrow":3,"minecraft:end_stone_bricks":2,"minecraft:beef":1,"minecraft:oak_leaves":3,"vampirism:item_garlic":4,"minecraft:bread":225,"minecraft:iron_ingot":22,"minecraft:wheat_seeds":127,"scalinghealth:cursed_heart":1,"minecraft:bookshelf":5,"minecraft:book":49,"minecraft:lead":1,"scalinghealth:heart_crystal_shard":2,"minecraft:iron_helmet":4,"minecraft:feather":1,"minecraft:cobblestone":13,"undergarden:gloomgourd_seeds":3,"minecraft:apple":1,"minecraft:coal":25,"minecraft:stick":30,"minecraft:diamond_horse_armor":2,"minecraft:gray_wool":1,"minecraft:golden_carrot":33,"tombstone:magic_scroll":1,"minecraft:torch":6,"tombstone:grave_key":1,"minecraft:repeater":1,"minecraft:wooden_axe":1,"minecraft:melon_slice":6,"minecraft:rose_bush":10,"tombstone:grave_dust":3,"minecraft:iron_leggings":2,"minecraft:iron_axe":3,"minecraft:iron_shovel":2,"minecraft:string":20,"minecraft:music_disc_cat":1,"minecraft:spruce_sapling":1,"vampirism:dark_spruce_sapling":2,"minecraft:soul_torch":3,"minecraft:coarse_dirt":2,"minecraft:nether_wart":34,"minecraft:raw_copper":5,"minecraft:jukebox":1,"minecraft:diamond_hoe":3,"minecraft:sticky_piston":1,"minecraft:chicken":1,"minecraft:clay_ball":136,"vampirism:heart_striker_enhanced":1,"blue_skies:moonstone_shard":2,"scalinghealth:power_crystal_shard":5,"minecraft:flint_and_steel":3,"minecraft:diamond_sword":2,"minecraft:shield":3,"botania:cyan_mystical_flower":1,"minecraft:spruce_trapdoor":1,"minecraft:spruce_planks":40,"minecraft:iron_chestplate":1,"minecraft:diamond_pickaxe":1,"minecraft:oak_sapling":1,"minecraft:spider_eye":5,"minecraft:barrel":1,"minecraft:bow":1,"minecraft:stone_pickaxe":1,"minecraft:wooden_pickaxe":1,"waystones:waystone":1,"vampirism:cursed_spruce_planks":36,"botania:lime_mystical_flower":5,"minecraft:black_wool":1},"minecraft:broken":{"minecraft:iron_shovel":4,"minecraft:diamond_boots":1,"minecraft:iron_sword":2,"minecraft:wooden_axe":1,"minecraft:iron_hoe":2,"minecraft:iron_axe":4,"minecraft:iron_pickaxe":2},"minecraft:picked_up":{"minecraft:wooden_axe":1,"minecraft:wheat":46,"minecraft:redstone_block":1,"minecraft:anvil":2,"minecraft:lead":3,"minecraft:smithing_table":2,"botania:blue_mushroom":1,"minecraft:diamond_sword":2,"minecraft:oak_stairs":2,"minecraft:gilded_blackstone":54,"minecraft:amethyst_block":1,"minecraft:polished_deepslate":6,"alexsmobs:gazelle_horn":1,"minecraft:string":24,"minecraft:raw_copper":10,"minecraft:iron_leggings":1,"minecraft:sticky_piston":2,"vampirism:dark_spruce_planks":21,"minecraft:beetroot":1,"minecraft:deepslate_tiles":19,"alexsmobs:emu_feather":1,"minecraft:diamond_leggings":1,"minecraft:gold_nugget":15,"minecraft:cobbled_deepslate":216,"minecraft:spruce_planks":1150,"minecraft:rose_bush":20,"minecraft:calcite":6,"minecraft:iron_pickaxe":4,"minecraft:hopper_minecart":1,"minecraft:melon_slice":6,"minecraft:coal_block":16,"minecraft:furnace":7,"minecraft:stick":100,"minecraft:polished_deepslate_stairs":1,"minecraft:torch":3,"botania:black_mushroom":1,"minecraft:porkchop":27,"tombstone:grave_dust":23,"vampirism:vampire_fang":5,"minecraft:warped_button":1,"graveyard:dark_iron_trapdoor":1,"vampirism:hunter_table":4,"vampirism:blood_bottle":3,"minecraft:rotten_flesh":69,"blue_skies:maple_crafting_table":3,"alexsmobs:emu_egg":2,"minecraft:bookshelf":5,"chococraft:chocobo_drumstick_raw":3,"minecraft:stripped_birch_wood":8,"minecraft:obsidian":1,"minecraft:snowball":466,"minecraft:cobblestone":340,"minecraft:birch_log":11,"vampirism:vampire_book":1,"minecraft:feather":1,"vampirism:med_chair":3,"minecraft:repeater":2,"minecraft:black_bed":1,"minecraft:tuff":7,"minecraft:potato":20,"minecraft:stripped_spruce_wood":3,"minecraft:wither_skeleton_skull":2,"minecraft:lapis_lazuli":96,"minecraft:dirt":10406,"minecraft:lantern":19,"minecraft:bone":119,"botania:cyan_mystical_flower":1,"minecraft:bow":2,"minecraft:wheat_seeds":322,"minecraft:deepslate_brick_slab":1,"vampirism:item_garlic":4,"minecraft:fletching_table":2,"minecraft:bamboo":31,"minecraft:oak_planks":17,"vampirism:cursed_spruce_log":24,"vampirism:dark_spruce_sapling":2,"securitycraft:dirt_mine":2,"vampirism:ring":1,"minecraft:grass_block":136,"minecraft:dark_oak_log":2,"minecraft:barrel":2,"vampirism:pure_blood_0":2,"minecraft:bundle":4,"minecraft:diamond":12,"minecraft:soul_lantern":1,"waystones:waystone":2,"minecraft:polished_blackstone_button":2,"botania:orange_mushroom":1,"blue_skies:turquoise_stonebrick":28,"minecraft:emerald":2,"scalinghealth:cursed_heart":1,"minecraft:bread":21,"minecraft:oak_sapling":37,"minecraft:oak_leaves":3,"minecraft:end_stone_bricks":4,"minecraft:charcoal":4,"minecraft:coarse_dirt":2,"minecraft:crafting_table":11,"minecraft:chicken":1,"minecraft:ladder":6,"minecraft:clay_ball":200,"artifacts:night_vision_goggles":1,"minecraft:nether_wart":34,"botania:white_mushroom":1,"vampirism:dark_spruce_log":20,"minecraft:wooden_pickaxe":1,"vampirism:heart_striker_enhanced":1,"minecraft:diamond_horse_armor":3,"minecraft:shield":4,"minecraft:cornflower":1,"minecraft:iron_axe":1,"minecraft:flint_and_steel":1,"minecraft:blackstone":1,"graveyard:corruption":13,"vampirism:cursed_earth":293,"minecraft:music_disc_otherside":1,"minecraft:beef":1,"chococraft:straw":5,"minecraft:light_gray_wool":1,"minecraft:spruce_slab":6,"minecraft:chest":21,"minecraft:birch_sapling":1,"minecraft:spruce_trapdoor":1,"minecraft:diamond_hoe":3,"minecraft:egg":6,"minecraft:raw_iron":119,"minecraft:spruce_fence":16,"minecraft:carrot":68,"minecraft:iron_horse_armor":1,"minecraft:arrow":21,"botania:lime_mystical_flower":6,"minecraft:beetroot_seeds":3,"minecraft:deepslate_bricks":6,"minecraft:hay_block":98,"minecraft:cracked_deepslate_bricks":1,"minecraft:saddle":5,"blue_skies:moonstone_shard":2,"minecraft:mutton":10,"minecraft:cracked_deepslate_tiles":8,"minecraft:bone_block":7,"minecraft:rail":1,"minecraft:white_wool":4,"farmersdelight:rich_soil":1,"vampirism:vampire_blood_bottle":3,"minecraft:basalt":5,"vampirism:item_tent":5,"biomesoplenty:goldenrod":9,"minecraft:leather":10,"minecraft:oak_log":173,"scalinghealth:bandages":8,"minecraft:yellow_bed":8,"minecraft:gunpowder":7,"minecraft:cobblestone_stairs":2,"botania:red_mushroom":1,"scalinghealth:heart_crystal":16,"botania:black_mystical_flower":4,"chococraft:chocobo_feather":1,"chococraft:gysahl_green":3,"minecraft:apple":7,"minecraft:gray_carpet":10,"farmersdelight:cooking_pot":1,"minecraft:spruce_wood":3,"minecraft:iron_ingot":15,"scalinghealth:power_crystal_shard":5,"tombstone:bag_of_seeds":3,"minecraft:glass_bottle":4,"vampirism:altar_cleansing":1,"minecraft:gray_bed":2,"minecraft:iron_sword":3,"minecraft:soul_sand":1,"minecraft:book":277,"minecraft:scaffolding":3,"scalinghealth:heart_crystal_shard":23,"vampirism:fire_place":3,"graveyard:dark_iron_block":16,"minecraft:soul_torch":3,"chococraft:gysahl_green_seeds":1,"minecraft:spruce_sapling":104,"minecraft:white_bed":2,"minecraft:spruce_log":327,"minecraft:crying_obsidian":2,"vampirism:hunter_axe_ultimate":1,"minecraft:spruce_door":1,"minecraft:spider_eye":8,"biomesoplenty:mahogany_log":5,"minecraft:diamond_shovel":4,"minecraft:iron_helmet":2,"minecraft:gray_wool":424,"minecraft:terracotta":158,"vampirism:vampire_orchid":1,"tombstone:magic_scroll":10,"minecraft:acacia_slab":2,"minecraft:coal":231,"minecraft:ender_pearl":1},"minecraft:killed_by":{"minecraft:wither_skeleton":1,"graveyard:skeleton_creeper":1,"vampirism:vampire":1,"minecraft:warden":5},"minecraft:crafted":{"securitycraft:mine":12,"minecraft:smooth_stone":4,"minecraft:oak_planks":36,"minecraft:stone":72,"minecraft:diamond_shovel":3,"minecraft:bookshelf":21,"minecraft:cooked_mutton":9,"minecraft:glass":64,"minecraft:bow":1,"minecraft:diamond_leggings":1,"minecraft:iron_boots":1,"tombstone:grave_key":1,"vampirism:coffin_gray":1,"minecraft:chest":25,"minecraft:gray_bed":1,"chococraft:straw":16,"minecraft:diamond_axe":1,"minecraft:crafting_table":8,"minecraft:spruce_planks":380,"minecraft:iron_helmet":1,"minecraft:baked_potato":21,"minecraft:iron_chestplate":1,"vampirism:dark_spruce_planks":80,"minecraft:diamond_pickaxe":2,"minecraft:stick":188,"minecraft:iron_ingot":105,"minecraft:iron_block":3,"minecraft:snow_block":51,"minecraft:black_bed":1,"minecraft:gray_carpet":111,"minecraft:netherite_ingot":1,"minecraft:shears":1,"minecraft:coal":54,"minecraft:jukebox":2,"chococraft:chocobo_drumstick_cooked":1,"minecraft:diamond_hoe":1,"biomesoplenty:mahogany_planks":20,"vampirism:cursed_spruce_planks":44,"minecraft:furnace":3,"graveyard:dark_iron_ingot":144,"minecraft:red_terracotta":8,"minecraft:bone_meal":9,"minecraft:spruce_fence":66,"minecraft:iron_axe":6,"minecraft:iron_hoe":2,"minecraft:spruce_slab":306,"minecraft:stone_pickaxe":1,"minecraft:diamond_boots":1,"minecraft:dark_oak_planks":8,"minecraft:wheat":828,"minecraft:red_dye":1,"minecraft:diamond_sword":1,"minecraft:enchanting_table":1,"minecraft:iron_sword":4,"minecraft:bucket":1,"minecraft:air":0,"minecraft:bread":279,"securitycraft:dirt_mine":6,"minecraft:wooden_axe":2,"minecraft:iron_shovel":7,"minecraft:iron_leggings":1,"minecraft:stonecutter":1,"minecraft:anvil":1,"graveyard:dark_iron_block":8,"minecraft:torch":156,"minecraft:diamond_chestplate":1},"minecraft:used":{"minecraft:iron_shovel":1007,"minecraft:spruce_slab":218,"minecraft:shield":37,"minecraft:diamond_hoe":3408,"vampirism:heart_striker_enhanced":4,"minecraft:chest":38,"minecraft:iron_sword":589,"botania:orange_mushroom":1,"chococraft:chocobo_drumstick_cooked":2,"minecraft:carrot":24,"minecraft:cracked_deepslate_tiles":8,"minecraft:snowball":42,"minecraft:glass":48,"vampirism:item_tent":4,"minecraft:grass_block":136,"minecraft:lantern":6,"chococraft:straw":5,"vampirism:dark_spruce_planks":80,"minecraft:bow":74,"minecraft:hay_block":6,"minecraft:scaffolding":3,"minecraft:furnace":8,"minecraft:gray_bed":3,"minecraft:egg":3,"minecraft:potato":2,"minecraft:end_stone_bricks":2,"vampirism:coffin_gray":1,"minecraft:wither_skeleton_skull":1,"minecraft:oak_planks":7,"minecraft:stone_pickaxe":20,"minecraft:gray_carpet":121,"minecraft:ender_pearl":1,"minecraft:wooden_pickaxe":3,"minecraft:diamond_axe":434,"blue_skies:turquoise_stonebrick":14,"minecraft:glow_berries":1,"minecraft:white_wool":2,"minecraft:golden_apple":20,"minecraft:black_bed":1,"minecraft:shears":180,"waystones:waystone":1,"scalinghealth:enchanted_heart":1,"minecraft:bread":57,"minecraft:string":3,"vampirism:cursed_earth":230,"tombstone:grave_key":1,"minecraft:diamond_sword":1189,"vampirism:altar_cleansing":1,"minecraft:smithing_table":1,"chococraft:gysahl_green":1,"vampirism:med_chair":1,"biomesoplenty:mahogany_planks":20,"minecraft:bone_meal":9,"botania:white_mushroom":1,"minecraft:enchanting_table":1,"minecraft:music_disc_otherside":1,"minecraft:spruce_planks":750,"beyond_earth:earth_globe":1,"farmersdelight:rich_soil":1,"minecraft:torch":63,"minecraft:anvil":3,"minecraft:dirt":10495,"scalinghealth:heart_crystal":15,"minecraft:spruce_fence":43,"minecraft:iron_hoe":504,"minecraft:wooden_axe":60,"minecraft:bookshelf":16,"minecraft:iron_axe":988,"blue_skies:maple_crafting_table":3,"minecraft:diamond_chestplate":2,"minecraft:golden_carrot":10,"securitycraft:dirt_mine":8,"alexsmobs:banana":9,"farmersdelight:cooking_pot":1,"tombstone:gift":7,"minecraft:cobbled_deepslate":7,"minecraft:cooked_mutton":9,"minecraft:water_bucket":76,"vampirism:fire_place":2,"minecraft:cobblestone_stairs":26,"minecraft:baked_potato":31,"minecraft:fletching_table":1,"minecraft:stonecutter":1,"minecraft:gilded_blackstone":5,"minecraft:crafting_table":13,"vampirism:hunter_table":3,"minecraft:white_bed":2,"minecraft:spruce_log":83,"tombstone:bag_of_seeds":4,"minecraft:oak_log":3,"minecraft:diamond_pickaxe":387,"minecraft:apple":22,"minecraft:diamond_shovel":9860,"chococraft:gysahl_green_seeds":1,"minecraft:iron_pickaxe":573,"tombstone:magic_scroll":4,"minecraft:map":1,"minecraft:spruce_sapling":8,"vampirism:cursed_spruce_log":9,"minecraft:cobblestone":25,"minecraft:potion":5,"minecraft:bucket":76,"minecraft:yellow_bed":8,"minecraft:diamond_leggings":1,"minecraft:splash_potion":3,"minecraft:gray_wool":310,"minecraft:jukebox":1,"minecraft:soul_torch":27,"alexsmobs:emu_egg":2},"minecraft:mined":{"minecraft:spruce_planks":663,"minecraft:white_bed":2,"farmersdelight:rich_soil":1,"minecraft:sculk_vein":225,"minecraft:cobblestone_stairs":2,"minecraft:obsidian":1,"minecraft:spruce_trapdoor":1,"minecraft:grass_block":5490,"vampirism:dark_spruce_log":20,"minecraft:deepslate_bricks":6,"minecraft:coal_block":16,"vampirism:hunter_table":4,"minecraft:spawner":6,"minecraft:gilded_blackstone":60,"graveyard:wither_skull_with_rib_cage":1,"minecraft:sculk_catalyst":27,"minecraft:iron_ore":122,"minecraft:barrel":1,"minecraft:sticky_piston":1,"minecraft:fire":8,"minecraft:cobbled_deepslate":1,"graveyard:leaning_wither_skeleton":1,"minecraft:deepslate_lapis_ore":4,"minecraft:anvil":2,"minecraft:fletching_table":2,"vampirism:tent":1,"minecraft:sculk_shrieker":14,"chococraft:gysahl_green":1,"minecraft:oak_stairs":2,"minecraft:spruce_wood":3,"minecraft:end_stone_bricks":3,"minecraft:spruce_slab":7,"minecraft:polished_deepslate_stairs":1,"graveyard:dark_iron_trapdoor":1,"blue_skies:turquoise_stonebrick":28,"minecraft:soul_fire":7,"minecraft:powder_snow":44,"minecraft:torch":2,"minecraft:calcite":6,"minecraft:melon":1,"minecraft:chest":21,"minecraft:glass":48,"minecraft:cobblestone":14,"blue_skies:maple_crafting_table":3,"minecraft:oak_planks":15,"botania:black_mystical_flower":4,"minecraft:amethyst_block":1,"biomesoplenty:goldenrod":7,"mca:cross_headstone":1,"vampirism:dark_spruce_planks":20,"minecraft:repeater":1,"graveyard:wither_skeleton_hand":1,"vampirism:dark_spruce_leaves":14,"vampirism:med_chair":2,"minecraft:light_gray_wool":1,"minecraft:black_bed":1,"graveyard:skull_pile":1,"biomesoplenty:clover":2,"minecraft:grass":185,"minecraft:cracked_deepslate_tiles":8,"minecraft:oak_log":24,"minecraft:dirt":4829,"minecraft:stripped_birch_wood":3,"minecraft:smooth_basalt":1,"minecraft:wither_skeleton_skull":1,"minecraft:tuff":12,"minecraft:deepslate_tiles":21,"minecraft:oak_leaves":41,"minecraft:deepslate":157,"minecraft:crying_obsidian":2,"scalinghealth:power_crystal_ore":1,"minecraft:deepslate_diamond_ore":6,"botania:red_mushroom":1,"biomesoplenty:desert_grass":9,"minecraft:dark_oak_log":2,"minecraft:spruce_fence":17,"graveyard:tg_deepslate":1,"vampirism:vampire_orchid":1,"minecraft:spruce_leaves":472,"minecraft:large_fern":3,"minecraft:hay_block":98,"minecraft:deepslate_brick_slab":1,"minecraft:oxidized_cut_copper":3,"minecraft:furnace":7,"minecraft:snow":79,"minecraft:polished_deepslate":8,"minecraft:bookshelf":76,"minecraft:shroomlight":1,"minecraft:vine":2,"minecraft:rail":1,"minecraft:lantern":2,"minecraft:packed_ice":20,"chococraft:straw":5,"minecraft:stone":329,"minecraft:bone_block":2,"vampirism:cursed_earth":195,"farmersdelight:cooking_pot":1,"minecraft:podzol":38,"minecraft:smithing_table":2,"minecraft:scaffolding":2,"botania:lime_mystical_flower":6,"minecraft:redstone_block":1,"minecraft:snow_block":192,"minecraft:soul_torch":3,"minecraft:basalt":5,"vampirism:tent_main":4,"vampirism:cursed_spruce_log":24,"vampirism:cursed_grass":110,"minecraft:crafting_table":8,"minecraft:cornflower":1,"minecraft:emerald_ore":2,"minecraft:rose_bush":18,"minecraft:sculk_sensor":195,"minecraft:campfire":2,"minecraft:copper_ore":2,"minecraft:tall_grass":2,"biomesoplenty:sprout":2,"minecraft:lapis_ore":2,"minecraft:cracked_deepslate_bricks":1,"minecraft:sculk":3429,"graveyard:dark_iron_block":16,"botania:cyan_mystical_flower":1,"minecraft:gray_wool":436,"minecraft:coarse_dirt":1,"graveyard:vase_block":5,"minecraft:stripped_spruce_wood":3,"biomesoplenty:mahogany_log":5,"minecraft:spruce_log":100,"minecraft:ice":3,"minecraft:gray_bed":2,"minecraft:birch_leaves":2,"vampirism:cursed_roots":1,"minecraft:yellow_bed":8,"securitycraft:dirt_mine":2,"minecraft:coal_ore":62,"vampirism:fire_place":3,"minecraft:gravel":1,"minecraft:gray_carpet":8,"minecraft:cobweb":11,"minecraft:waxed_exposed_cut_copper":1,"minecraft:fern":45},"minecraft:killed":{"vampirism:vampire":18,"minecraft:witch":1,"vampirism:advanced_vampire":7,"minecraft:spider":26,"graveyard:wraith":25,"minecraft:skeleton":27,"vampirism:blinding_bat":1,"graveyard:acolyte":4,"alexsmobs:leafcutter_ant":12,"minecraft:chicken":1,"vampirism:vampire_baron":2,"minecraft:pig":1,"alexsmobs:grizzly_bear":3,"minecraft:creeper":4,"minecraft:sheep":1,"minecraft:trader_llama":2,"minecraft:zombie":46,"minecraft:stray":1,"graveyard:corrupted_pillager":1,"minecraft:cow":1,"mca:female_zombie_villager":1,"savage_and_ravage:skeleton_villager":1,"mca:male_zombie_villager":1,"graveyard:corrupted_vindicator":5,"graveyard:revenant":17,"minecraft:phantom":1,"creeperoverhaul:snowy_creeper":1,"minecraft:drowned":1,"graveyard:ghoul":42,"minecraft:wandering_trader":1,"alexsmobs:rhinoceros":3,"minecraft:hoglin":7,"alexsmobs:emu":1,"alexsmobs:catfish":1,"alexsmobs:elephant":1,"alexsmobs:crow":1,"minecraft:wither_skeleton":40,"minecraft:enderman":1},"minecraft:custom":{"minecraft:interact_with_crafting_table":106,"minecraft:open_barrel":49,"minecraft:leave_game":17,"minecraft:time_since_death":422402,"minecraft:damage_resisted":41162,"minecraft:sprint_one_cm":2623293,"minecraft:damage_blocked_by_shield":1478,"minecraft:drop":251,"minecraft:talked_to_villager":2,"minecraft:play_time":1170334,"minecraft:deaths":9,"minecraft:jump":16821,"minecraft:walk_on_water_one_cm":58320,"minecraft:enchant_item":6,"tombstone:steal_effect":15,"minecraft:interact_with_furnace":82,"minecraft:play_record":1,"minecraft:sleep_in_bed":45,"minecraft:waystone_activated":7,"minecraft:damage_dealt":97613,"minecraft:crouch_one_cm":698300,"tombstone:undead_killed":203,"tombstone:villager_killed":1,"minecraft:interact_with_smoker":14,"minecraft:horse_one_cm":2359882,"minecraft:interact_with_smithing_table":3,"minecraft:interact_with_anvil":13,"minecraft:mob_kills":326,"minecraft:damage_dealt_resisted":2388,"minecraft:climb_one_cm":24863,"minecraft:walk_one_cm":3258740,"minecraft:sneak_time":144528,"minecraft:walk_under_water_one_cm":90759,"minecraft:interact_with_lectern":2,"minecraft:interact_with_blast_furnace":13,"minecraft:total_world_time":1170334,"tombstone:raider_killed":2,"minecraft:interact_with_grindstone":1,"minecraft:interact_with_stonecutter":5,"minecraft:time_since_rest":15533,"minecraft:damage_absorbed":708,"minecraft:damage_taken":660467,"minecraft:trigger_trapped_chest":1,"minecraft:swim_one_cm":177814,"minecraft:fly_one_cm":3288542,"minecraft:open_chest":800,"minecraft:fall_one_cm":593064}},"DataVersion":3120}