{"stats":{"minecraft:dropped":{"minecraft:iron_sword":1,"minecraft:diamond_axe":1,"minecraft:golden_pickaxe":2,"minecraft:crafting_table":1,"minecraft:glass_bottle":1,"mca:bouquet":1,"minecraft:jungle_planks":1,"minecraft:rail":2,"alexsmobs:bison_fur":1,"minecraft:spruce_leaves":287,"artifacts:night_vision_goggles":1,"minecraft:dirt":647,"minecraft:grass":2,"minecraft:mutton":2,"minecraft:snowball":722,"minecraft:wooden_sword":1,"minecraft:bone_meal":13,"minecraft:iron_pickaxe":2,"minecraft:bone":5,"botania:brown_mystical_flower":4,"minecraft:cobbled_deepslate":153,"minecraft:wheat":1,"vampirism:holy_water_bottle_enhanced":1,"minecraft:rotten_flesh":91,"alexsmobs:emu_egg":1,"minecraft:carrot":31,"minecraft:chest":1,"vampirism:hunter_axe_ultimate":1,"minecraft:iron_bars":1,"minecraft:arrow":5,"minecraft:beef":1,"minecraft:netherrack":1,"botania:light_gray_mystical_flower":2,"vampirism:item_garlic":2,"minecraft:egg":3,"minecraft:iron_ingot":8,"minecraft:black_dye":2,"minecraft:wheat_seeds":58,"biomesoplenty:clover":1,"scalinghealth:cursed_heart":1,"minecraft:bookshelf":5,"minecraft:apple":2,"minecraft:lead":1,"minecraft:cobblestone":83,"minecraft:feather":2,"minecraft:book":49,"chococraft:gysahl_green_seeds":1,"minecraft:copper_ingot":7,"minecraft:spruce_door":2,"minecraft:coal":1,"minecraft:yellow_carpet":1,"minecraft:stick":2,"botania:light_blue_mystical_flower":1,"minecraft:gray_wool":2,"minecraft:golden_carrot":6,"tombstone:magic_scroll":1,"scalinghealth:heart_crystal":1,"minecraft:repeater":1,"chococraft:chocobo_drumstick_raw":3,"minecraft:melon_slice":1,"vampirism:cursed_earth":1,"minecraft:fire_charge":1,"tombstone:grave_dust":1,"minecraft:iron_leggings":2,"minecraft:wither_rose":1,"biomesoplenty:glowshroom":2,"vampirism:ring":1,"minecraft:iron_shovel":3,"minecraft:string":23,"minecraft:spruce_sapling":60,"minecraft:stone_sword":1,"minecraft:tuff":14,"vampirism:obi_belt":1,"minecraft:chicken":2,"minecraft:clay_ball":68,"minecraft:iron_boots":1,"minecraft:stone_slab":1,"vampirism:heart_striker_enhanced":3,"minecraft:flint_and_steel":1,"botania:pink_mushroom":1,"minecraft:diamond_sword":4,"minecraft:shield":1,"minecraft:yellow_bed":1,"minecraft:spider_eye":2,"minecraft:stone_pickaxe":1,"minecraft:wooden_pickaxe":1,"minecraft:raw_gold":1,"minecraft:cracked_deepslate_bricks":4},"minecraft:broken":{"minecraft:iron_shovel":3,"vanillaplustools:iron_hammer":2,"minecraft:shears":6,"minecraft:iron_boots":1,"minecraft:iron_chestplate":3,"minecraft:iron_leggings":2,"minecraft:diamond_boots":1,"vanillaplustools:iron_shovel":4,"minecraft:iron_sword":1,"minecraft:diamond_sword":1,"minecraft:iron_axe":4,"minecraft:iron_pickaxe":3,"minecraft:iron_helmet":5},"minecraft:picked_up":{"chococraft:loverly_gysahl_green":1,"minecraft:wheat":25,"minecraft:anvil":2,"minecraft:flower_pot":1,"minecraft:lead":6,"minecraft:diamond_sword":4,"minecraft:gilded_blackstone":26,"minecraft:brewing_stand":2,"minecraft:amethyst_block":10,"minecraft:music_disc_cat":1,"minecraft:string":52,"vampirism:dark_spruce_planks":1,"minecraft:experience_bottle":1,"minecraft:zombie_head":1,"vampirism:obi_belt":1,"minecraft:deepslate_tiles":6,"alexsmobs:emu_feather":1,"minecraft:gold_nugget":11,"minecraft:cobbled_deepslate":1647,"minecraft:spruce_planks":57,"minecraft:iron_pickaxe":1,"minecraft:melon_slice":124,"minecraft:dark_oak_door":2,"minecraft:furnace":6,"minecraft:stick":75,"minecraft:jukebox":1,"minecraft:polished_deepslate_stairs":1,"minecraft:torch":15,"minecraft:acacia_log":7,"minecraft:porkchop":5,"vampirism:holy_water_bottle_enhanced":1,"tombstone:grave_dust":36,"vampirism:vampire_fang":4,"graveyard:dark_iron_trapdoor":2,"minecraft:black_dye":2,"vampirism:blood_bottle":4,"minecraft:rotten_flesh":175,"botania:light_gray_mystical_flower":2,"biomesoplenty:mahogany_sapling":1,"vampirism:pure_blood_2":1,"minecraft:red_tulip":1,"chococraft:chocobo_drumstick_cooked":1,"alexsmobs:emu_egg":2,"minecraft:bookshelf":5,"chococraft:chocobo_drumstick_raw":4,"minecraft:deepslate_brick_stairs":1,"minecraft:obsidian":9,"minecraft:iron_bars":1,"minecraft:cod":2,"minecraft:snowball":741,"minecraft:cobblestone":2963,"minecraft:birch_log":75,"minecraft:enchanting_table":1,"minecraft:feather":6,"minecraft:repeater":1,"minecraft:andesite":1,"farmersdelight:safety_net":3,"biomesoplenty:glowshroom":2,"minecraft:smoker":2,"minecraft:potato":1,"alexsmobs:bison_fur":2,"minecraft:flint":8,"minecraft:tuff":17,"minecraft:magenta_bed":4,"minecraft:wither_skeleton_skull":1,"minecraft:acacia_boat":5,"minecraft:lapis_lazuli":69,"minecraft:dirt":8108,"minecraft:bone":80,"minecraft:chipped_anvil":2,"minecraft:stonecutter":1,"minecraft:wheat_seeds":109,"minecraft:raw_gold":92,"vampirism:pure_blood_1":3,"minecraft:grindstone":1,"minecraft:glowstone_dust":1,"minecraft:oak_planks":2,"biomesoplenty:clover":1,"vampirism:cursed_spruce_log":5,"minecraft:music_disc_13":1,"botania:yellow_double_flower":1,"vampirism:ring":2,"alexsmobs:crocodile_egg":3,"minecraft:sand":130,"minecraft:jungle_planks":1,"scalinghealth:enchanted_heart":1,"minecraft:grass_block":2,"minecraft:dark_oak_log":142,"vampirism:pure_blood_0":3,"minecraft:bundle":5,"minecraft:sugar":2,"minecraft:yellow_carpet":1,"minecraft:diamond":7,"waystones:waystone":4,"minecraft:grass":2,"blue_skies:turquoise_stonebrick":1,"scalinghealth:cursed_heart":4,"minecraft:oak_sapling":30,"minecraft:netherrack":1,"mca:bouquet":1,"minecraft:diamond_pickaxe":1,"minecraft:spruce_leaves":897,"minecraft:crafting_table":26,"minecraft:coarse_dirt":1,"minecraft:chicken":2,"minecraft:clay_ball":68,"minecraft:golden_pickaxe":1,"minecraft:redstone_lamp":17,"minecraft:gold_block":2,"vampirism:heart_striker_enhanced":3,"artifacts:power_glove":1,"minecraft:iron_shovel":3,"graveyard:soul_fire_brazier":1,"graveyard:corruption":58,"vampirism:cursed_earth":1,"minecraft:music_disc_otherside":1,"minecraft:beef":23,"scalinghealth:chance_heart":2,"minecraft:chest":3,"minecraft:birch_sapling":12,"globalxp:xp_block":1,"minecraft:egg":6,"minecraft:phantom_membrane":7,"minecraft:raw_iron":160,"minecraft:stone":39,"minecraft:copper_ingot":7,"minecraft:spruce_fence":10,"artifacts:vampiric_glove":1,"minecraft:stone_button":1,"botania:pink_mushroom":1,"minecraft:carrot":189,"minecraft:redstone":19,"alexsmobs:leafcutter_ant_pupa":1,"alexsmobs:crocodile_scute":2,"minecraft:dark_oak_planks":1,"minecraft:tnt":1,"minecraft:arrow":55,"minecraft:pumpkin_pie":24,"minecraft:deepslate_bricks":37,"minecraft:hay_block":2,"minecraft:cracked_deepslate_bricks":8,"minecraft:saddle":1,"tombstone:essence_of_undeath":1,"minecraft:glow_berries":1,"minecraft:mutton":11,"minecraft:skeleton_skull":2,"minecraft:white_wool":12,"minecraft:rail":4,"minecraft:cracked_deepslate_tiles":3,"vampirism:vampire_blood_bottle":3,"minecraft:golden_carrot":33,"minecraft:leather":29,"alexsmobs:skreecher_soul":1,"minecraft:birch_planks":4,"waystones:sandy_waystone":1,"minecraft:oak_log":198,"scalinghealth:bandages":9,"minecraft:yellow_bed":1,"securitycraft:keypad_chest":11,"minecraft:gunpowder":1,"scalinghealth:heart_crystal":30,"scalinghealth:medkit":2,"biomesoplenty:glowing_moss_carpet":2,"botania:light_blue_mystical_flower":3,"cfm:stripped_oak_table":3,"comforts:rope_and_nail":4,"chococraft:chocobo_feather":10,"chococraft:gold_gysahl":1,"chococraft:gysahl_green":19,"minecraft:apple":4,"minecraft:gray_carpet":12,"farmersdelight:cooking_pot":1,"biomesoplenty:glowworm_silk":1,"minecraft:spore_blossom":1,"minecraft:iron_ingot":6,"scalinghealth:power_crystal_shard":22,"tombstone:bag_of_seeds":3,"vampirism:altar_cleansing":1,"minecraft:book":193,"scalinghealth:heart_crystal_shard":87,"minecraft:gravel":1,"minecraft:amethyst_shard":8,"chococraft:gysahl_green_seeds":7,"minecraft:spruce_sapling":96,"minecraft:blast_furnace":17,"minecraft:spruce_log":528,"minecraft:crying_obsidian":2,"vampirism:hunter_axe_ultimate":1,"minecraft:spider_eye":13,"minecraft:spruce_door":2,"artifacts:helium_flamingo":1,"biomesoplenty:mahogany_log":47,"minecraft:stripped_jungle_wood":2,"minecraft:gray_wool":107,"vampirism:vampire_orchid":1,"tombstone:magic_scroll":5,"botania:brown_mystical_flower":4,"minecraft:coal":308,"minecraft:hopper":8,"minecraft:ender_pearl":3},"minecraft:killed_by":{"minecraft:warden":2},"minecraft:crafted":{"minecraft:grindstone":1,"minecraft:smooth_stone":3,"minecraft:oak_planks":96,"minecraft:dark_oak_boat":1,"globalxp:xp_block":1,"vampirism:altar_cleansing":1,"waystones:waystone":1,"minecraft:stone":37,"securitycraft:keypad_item":5,"comforts:hammock_white":1,"minecraft:bookshelf":15,"minecraft:heavy_weighted_pressure_plate":5,"minecraft:cooked_mutton":8,"minecraft:iron_bars":16,"farmersdelight:safety_net":1,"minecraft:dark_oak_door":3,"minecraft:glass":96,"vanillaplustools:iron_hammer":3,"minecraft:bow":1,"minecraft:iron_boots":3,"minecraft:chest":36,"scalinghealth:power_crystal":2,"minecraft:smoker":6,"minecraft:crafting_table":7,"minecraft:spruce_planks":1084,"minecraft:wooden_pickaxe":1,"minecraft:iron_helmet":5,"minecraft:spruce_door":3,"minecraft:gold_block":13,"waystones:warp_stone":1,"minecraft:birch_planks":300,"minecraft:iron_chestplate":5,"minecraft:diamond_pickaxe":1,"minecraft:shield":2,"minecraft:stick":360,"comforts:rope_and_nail":2,"minecraft:iron_ingot":472,"minecraft:iron_pickaxe":30,"minecraft:iron_block":23,"minecraft:stone_sword":1,"minecraft:acacia_door":3,"minecraft:gold_ingot":141,"minecraft:shears":8,"minecraft:golden_carrot":58,"chococraft:chocobo_saddle_pack":1,"minecraft:wooden_sword":1,"minecraft:coal":63,"minecraft:fishing_rod":1,"chococraft:chocobo_drumstick_cooked":1,"biomesoplenty:mahogany_planks":4,"vanillaplustools:iron_shovel":4,"vampirism:cursed_spruce_planks":16,"minecraft:furnace":16,"minecraft:stone_button":40,"minecraft:blast_furnace":1,"mca:bouquet":1,"minecraft:bone_meal":234,"minecraft:spruce_fence":318,"minecraft:glass_pane":64,"chococraft:chocobo_saddle_bags":1,"minecraft:iron_axe":4,"securitycraft:universal_block_remover":1,"minecraft:stone_pickaxe":1,"minecraft:diamond_boots":1,"minecraft:dark_oak_planks":20,"minecraft:wheat":9,"minecraft:cooked_beef":6,"minecraft:coal_block":40,"minecraft:diamond_sword":2,"minecraft:enchanting_table":1,"minecraft:iron_sword":1,"scalinghealth:heart_crystal":8,"minecraft:bucket":2,"minecraft:stone_axe":1,"minecraft:bread":6,"minecraft:acacia_boat":1,"minecraft:air":0,"minecraft:gold_nugget":468,"minecraft:iron_shovel":39,"minecraft:iron_leggings":4,"chococraft:chocobo_saddle":2,"minecraft:stonecutter":1,"minecraft:acacia_planks":28,"minecraft:torch":156},"minecraft:mined":{"minecraft:dark_oak_planks":1,"minecraft:large_amethyst_bud":2,"minecraft:spruce_planks":59,"biomesoplenty:glowshroom":1,"minecraft:oak_sapling":2,"comforts:rope_and_nail":4,"alexsmobs:leafcutter_anthill":1,"minecraft:sculk_vein":46,"minecraft:brewing_stand":1,"minecraft:obsidian":9,"minecraft:budding_amethyst":2,"minecraft:acacia_log":7,"minecraft:grass_block":3503,"minecraft:yellow_carpet":1,"graveyard:dark_iron_door":1,"minecraft:deepslate_bricks":50,"minecraft:hopper":8,"minecraft:spawner":6,"minecraft:gilded_blackstone":36,"minecraft:sculk_catalyst":4,"minecraft:iron_ore":69,"minecraft:fire":14,"minecraft:cobbled_deepslate":6,"minecraft:anvil":2,"minecraft:deepslate_lapis_ore":10,"minecraft:enchanting_table":1,"minecraft:sculk_shrieker":11,"biomesoplenty:glowshroom_block":2,"chococraft:gysahl_green":7,"minecraft:dirt_path":1,"minecraft:iron_bars":3,"scalinghealth:deepslate_power_crystal_ore":1,"minecraft:small_amethyst_bud":1,"minecraft:deepslate_brick_stairs":1,"botania:brown_mystical_flower":1,"botania:light_blue_mystical_flower":1,"blue_skies:turquoise_stonebrick":1,"biomesoplenty:glowworm_silk":1,"minecraft:medium_amethyst_bud":1,"biomesoplenty:glowing_moss_carpet":2,"graveyard:dark_iron_trapdoor":2,"minecraft:polished_deepslate_stairs":4,"minecraft:smoker":1,"minecraft:soul_fire":2,"minecraft:amethyst_cluster":4,"minecraft:clay":4,"minecraft:torch":6,"minecraft:blast_furnace":18,"minecraft:melon":22,"minecraft:chest":2,"farmersdelight:safety_net":3,"minecraft:mushroom_stem":9,"minecraft:glass":16,"minecraft:cobblestone":48,"graveyard:skeleton_hand":1,"minecraft:grindstone":1,"minecraft:oak_planks":15,"minecraft:wall_torch":5,"minecraft:amethyst_block":8,"minecraft:skeleton_skull":2,"minecraft:repeater":1,"minecraft:dark_oak_door":2,"minecraft:birch_log":7,"vampirism:dark_spruce_leaves":1,"minecraft:magenta_bed":3,"minecraft:tnt":2,"biomesoplenty:clover":5,"minecraft:grass":48,"minecraft:cracked_deepslate_tiles":6,"minecraft:oak_log":29,"minecraft:dirt":4700,"minecraft:sand":132,"minecraft:wither_skeleton_skull":1,"minecraft:potted_red_tulip":1,"minecraft:stonecutter":1,"minecraft:netherrack":2,"minecraft:oak_leaves":132,"minecraft:deepslate":1629,"minecraft:redstone_lamp":17,"minecraft:deepslate_tiles":13,"minecraft:crying_obsidian":2,"minecraft:tuff":27,"minecraft:deepslate_diamond_ore":4,"cfm:stripped_oak_table":3,"minecraft:dark_oak_log":4,"minecraft:spruce_fence":10,"minecraft:stone_button":1,"minecraft:jungle_planks":1,"minecraft:stripped_jungle_wood":2,"graveyard:tg_deepslate":3,"vampirism:vampire_orchid":1,"minecraft:redstone_wire":5,"alexsmobs:leafcutter_ant_chamber":23,"minecraft:spruce_leaves":2206,"minecraft:moss_block":2,"minecraft:large_fern":1,"minecraft:hay_block":3,"graveyard:soul_fire_brazier":1,"minecraft:spruce_sapling":1,"minecraft:furnace":6,"minecraft:snow":189,"minecraft:andesite":2,"minecraft:gold_block":2,"minecraft:polished_deepslate":1,"minecraft:bookshelf":55,"minecraft:deepslate_iron_ore":93,"biomesoplenty:mahogany_leaves":8,"minecraft:rail":3,"minecraft:packed_ice":1,"minecraft:stone":2984,"minecraft:white_wool":7,"farmersdelight:cooking_pot":1,"minecraft:acacia_leaves":2,"minecraft:glass_pane":2,"minecraft:soul_sand":1,"minecraft:snow_block":175,"vampirism:altar_cleansing":1,"minecraft:spruce_door":1,"vampirism:cursed_spruce_log":5,"minecraft:oak_fence":2,"minecraft:crafting_table":24,"graveyard:tg_rooted_dirt":1,"botania:pink_mushroom":1,"minecraft:sculk_sensor":63,"minecraft:lectern":1,"minecraft:tall_grass":3,"minecraft:deepslate_gold_ore":88,"minecraft:cracked_deepslate_bricks":12,"minecraft:sculk":685,"minecraft:diorite":48,"botania:pink_mystical_flower":2,"minecraft:gray_wool":117,"minecraft:birch_planks":4,"minecraft:coarse_dirt":14,"graveyard:vase_block":4,"biomesoplenty:mahogany_log":48,"minecraft:ice":2,"minecraft:spruce_log":265,"globalxp:xp_block":1,"minecraft:birch_leaves":23,"minecraft:yellow_bed":1,"minecraft:coal_ore":180,"minecraft:gravel":4,"graveyard:leaning_skeleton":1,"minecraft:gray_carpet":13,"minecraft:cobweb":19,"minecraft:gold_ore":4,"minecraft:chipped_anvil":2,"minecraft:fern":18},"minecraft:used":{"alexsmobs:emu_egg":1,"minecraft:iron_shovel":1303,"minecraft:shield":104,"vampirism:heart_striker_enhanced":17,"minecraft:chest":38,"vampirism:cursed_spruce_planks":8,"minecraft:diamond_hoe":801,"minecraft:iron_sword":249,"minecraft:stripped_jungle_wood":1,"comforts:hammock_white":1,"minecraft:rotten_flesh":2,"minecraft:iron_chestplate":2,"chococraft:chocobo_drumstick_cooked":2,"securitycraft:keypad_item":5,"minecraft:carrot":132,"minecraft:cracked_deepslate_tiles":2,"minecraft:axolotl_bucket":2,"minecraft:snowball":23,"minecraft:glass":46,"vanillaplustools:iron_shovel":1007,"minecraft:lava_bucket":1,"minecraft:iron_helmet":1,"vampirism:dark_spruce_planks":1,"minecraft:bow":123,"minecraft:dark_oak_boat":1,"minecraft:hay_block":1,"minecraft:oak_sapling":24,"minecraft:furnace":15,"farmersdelight:safety_net":3,"minecraft:skeleton_skull":1,"minecraft:egg":2,"minecraft:potato":1,"minecraft:stone_pickaxe":87,"minecraft:gray_carpet":6,"minecraft:spruce_door":2,"minecraft:ender_pearl":10,"minecraft:wooden_pickaxe":15,"minecraft:diamond_axe":32,"blue_skies:turquoise_stonebrick":1,"minecraft:blast_furnace":18,"securitycraft:universal_block_remover":11,"minecraft:shears":1375,"minecraft:deepslate_tiles":6,"waystones:waystone":4,"minecraft:acacia_door":3,"minecraft:dark_oak_log":1,"minecraft:stone_button":1,"minecraft:melon_slice":121,"minecraft:bread":9,"minecraft:diamond_sword":2004,"tombstone:familiar_stone":3,"globalxp:xp_block":2,"vampirism:altar_cleansing":2,"minecraft:grindstone":2,"graveyard:dark_iron_block":1,"minecraft:golden_pickaxe":4,"minecraft:bone_meal":174,"minecraft:experience_bottle":5,"minecraft:stone_sword":23,"minecraft:enchanting_table":2,"minecraft:flint_and_steel":37,"minecraft:cracked_deepslate_bricks":3,"securitycraft:keypad_chest":7,"minecraft:spruce_planks":164,"minecraft:anvil":2,"minecraft:dirt":5145,"minecraft:torch":151,"minecraft:brewing_stand":1,"scalinghealth:heart_crystal":34,"minecraft:spruce_fence":328,"minecraft:dark_oak_planks":1,"minecraft:chipped_anvil":2,"minecraft:bookshelf":15,"minecraft:iron_axe":463,"minecraft:iron_boots":1,"scalinghealth:power_crystal":2,"minecraft:golden_carrot":83,"farmersdelight:cooking_pot":2,"tombstone:gift":5,"minecraft:cooked_beef":6,"minecraft:enchanted_golden_apple":1,"minecraft:cobbled_deepslate":74,"minecraft:iron_leggings":1,"minecraft:wheat_seeds":7,"minecraft:cooked_mutton":8,"minecraft:water_bucket":19,"minecraft:acacia_boat":5,"minecraft:birch_planks":180,"scalinghealth:chance_heart":2,"minecraft:stonecutter":2,"minecraft:deepslate_bricks":565,"minecraft:magenta_bed":4,"graveyard:soul_fire_brazier":1,"minecraft:crafting_table":30,"botania:light_blue_mystical_flower":1,"minecraft:dark_oak_door":5,"tombstone:tablet_of_home":2,"minecraft:spruce_log":208,"minecraft:cake":1,"minecraft:smoker":8,"tombstone:bag_of_seeds":2,"minecraft:oak_log":113,"minecraft:diamond_pickaxe":485,"minecraft:apple":3,"minecraft:iron_pickaxe":1013,"minecraft:spruce_sapling":8,"minecraft:stone_axe":91,"comforts:rope_and_nail":6,"minecraft:fishing_rod":7,"vampirism:cursed_spruce_log":1,"minecraft:cobblestone":275,"minecraft:potion":1,"vanillaplustools:iron_hammer":600,"minecraft:bucket":23,"minecraft:glass_pane":52,"minecraft:pumpkin_pie":12,"minecraft:gray_wool":105,"minecraft:jukebox":1},"minecraft:killed":{"vampirism:vampire":15,"minecraft:witch":2,"vampirism:advanced_vampire":5,"minecraft:spider":24,"graveyard:wraith":31,"minecraft:skeleton":38,"vampirism:blinding_bat":4,"graveyard:acolyte":2,"alexsmobs:leafcutter_ant":6,"minecraft:chicken":4,"vampirism:advanced_hunter":1,"alexsmobs:skelewag":1,"artifacts:mimic":3,"vampirism:vampire_baron":7,"alexsmobs:seal":1,"minecraft:creeper":4,"vampirism:hunter":2,"minecraft:sheep":3,"minecraft:trader_llama":3,"alexsmobs:flutter":1,"minecraft:zombie":129,"alexsmobs:toucan":1,"alexsmobs:fly":1,"graveyard:corrupted_pillager":27,"minecraft:cow":8,"chococraft:chocobo":3,"mca:female_zombie_villager":1,"mca:male_zombie_villager":1,"graveyard:corrupted_vindicator":8,"alexsmobs:raccoon":1,"graveyard:revenant":9,"minecraft:phantom":7,"creeperoverhaul:snowy_creeper":1,"alexsmobs:blue_jay":2,"alexsmobs:skreecher":1,"graveyard:ghoul":30,"minecraft:wandering_trader":2,"alexsmobs:emu":1,"alexsmobs:crocodile":2,"alexsmobs:crow":1,"creeperoverhaul:savannah_creeper":1,"minecraft:enderman":8},"minecraft:custom":{"minecraft:animals_bred":5,"minecraft:interact_with_crafting_table":155,"minecraft:open_barrel":66,"goblintraders:trade_with_goblin":137,"minecraft:leave_game":14,"minecraft:time_since_death":756693,"minecraft:damage_resisted":408,"minecraft:sprint_one_cm":3225578,"minecraft:damage_blocked_by_shield":3465,"minecraft:drop":271,"minecraft:talked_to_villager":3,"minecraft:play_time":1335917,"minecraft:deaths":4,"minecraft:jump":16793,"minecraft:walk_on_water_one_cm":92991,"minecraft:enchant_item":9,"minecraft:interact_with_furnace":54,"minecraft:traded_with_villager":1,"minecraft:interact_with_cartography_table":1,"minecraft:sleep_in_bed":14,"minecraft:waystone_activated":11,"tombstone:sneak_grave":1,"minecraft:damage_dealt":150213,"minecraft:crouch_one_cm":404314,"tombstone:undead_killed":247,"tombstone:villager_killed":2,"minecraft:interact_with_smoker":15,"minecraft:horse_one_cm":7940,"minecraft:interact_with_anvil":3,"minecraft:mob_kills":418,"minecraft:damage_dealt_resisted":8121,"minecraft:climb_one_cm":16407,"minecraft:walk_one_cm":4104928,"minecraft:sneak_time":121295,"minecraft:walk_under_water_one_cm":166653,"minecraft:boat_one_cm":451614,"minecraft:interact_with_lectern":1,"minecraft:interact_with_blast_furnace":21,"minecraft:total_world_time":1335917,"tombstone:raider_killed":9,"minecraft:interact_with_grindstone":4,"minecraft:interact_with_stonecutter":8,"minecraft:time_since_rest":28960,"minecraft:damage_taken":133664,"minecraft:damage_absorbed":131,"minecraft:trigger_trapped_chest":5,"minecraft:swim_one_cm":976040,"minecraft:fly_one_cm":2779349,"minecraft:open_chest":905,"minecraft:fish_caught":2,"minecraft:fall_one_cm":469647}},"DataVersion":3120}