{"stats":{"minecraft:killed":{"minecraft:spider":1,"minecraft:zombie":2,"alexsmobs:fly":1},"minecraft:broken":{"minecraft:iron_axe":1,"minecraft:iron_pickaxe":1,"securitycraft:universal_block_reinforcer_lvl1":1},"minecraft:killed_by":{"vampirism:advanced_vampire":1,"graveyard:ghoul":1,"minecraft:spider":1,"creeperoverhaul:cave_creeper":2,"minecraft:warden":2,"minecraft:skeleton":5,"minecraft:zombie":3},"minecraft:mined":{"minecraft:tuff":3,"minecraft:sculk_vein":6,"minecraft:jungle_leaves":10,"botania:pink_double_flower":1,"minecraft:grass_block":12,"minecraft:jungle_planks":66,"minecraft:jungle_log":3,"minecraft:red_stained_glass_pane":1,"minecraft:sculk_catalyst":1,"minecraft:iron_ore":9,"minecraft:cobbled_deepslate":1,"minecraft:andesite":10,"botania:green_mushroom":1,"biomesoplenty:glowshroom_block":2,"minecraft:deepslate_iron_ore":4,"minecraft:vine":30,"scalinghealth:deepslate_power_crystal_ore":2,"minecraft:stripped_oak_log":1,"minecraft:bamboo":1,"biomesoplenty:spider_egg":1,"minecraft:stone":117,"minecraft:podzol":2,"minecraft:deepslate_redstone_ore":47,"biomesoplenty:glowworm_silk":1,"biomesoplenty:wildflower":4,"minecraft:torch":8,"minecraft:melon":4,"minecraft:sculk_sensor":1,"minecraft:lapis_ore":8,"biomesoplenty:sprout":1,"biomesoplenty:huge_clover_petal":1,"minecraft:sculk":46,"minecraft:diorite":10,"minecraft:wall_torch":21,"minecraft:gray_wool":69,"biomesoplenty:mahogany_log":3,"botania:white_mystical_flower":1,"minecraft:grass":2,"minecraft:oak_log":7,"minecraft:coal_ore":36,"minecraft:gravel":12,"minecraft:dirt":41,"minecraft:terracotta":1,"minecraft:oak_leaves":38,"minecraft:deepslate":276,"minecraft:fern":5},"minecraft:used":{"stalwart_dungeons:iron_hammer":10,"minecraft:chest":1,"minecraft:torch":103,"minecraft:dirt":5,"minecraft:jungle_planks":910,"minecraft:carrot":33,"securitycraft:reinforced_stone":1,"minecraft:milk_bucket":1,"vanillaplustools:iron_shovel":5,"minecraft:wooden_axe":21,"minecraft:iron_axe":141,"minecraft:jungle_log":6,"alexsmobs:banana":3,"tombstone:gift":4,"minecraft:cooked_beef":4,"minecraft:cobbled_deepslate":123,"minecraft:water_bucket":5,"vampirism:weapon_table":1,"minecraft:oak_planks":11,"minecraft:wooden_pickaxe":16,"minecraft:glow_berries":2,"minecraft:oak_log":16,"minecraft:diamond_pickaxe":363,"minecraft:diamond_shovel":15,"minecraft:melon_slice":24,"minecraft:bread":7,"minecraft:iron_pickaxe":239,"minecraft:gravel":5,"minecraft:cobblestone":18,"minecraft:bucket":5,"alexsmobs:animal_dictionary":3},"minecraft:dropped":{"farmersdelight:tomato_seeds":2,"minecraft:water_bucket":1,"minecraft:enchanted_book":1,"minecraft:feather":3,"minecraft:cobblestone":17,"minecraft:rail":13,"minecraft:coal":1,"minecraft:flint":2,"minecraft:dirt":2,"minecraft:gray_wool":34,"minecraft:diorite":10,"minecraft:torch":16,"tombstone:grave_key":2,"botania:green_mushroom":1,"minecraft:jungle_sapling":1,"minecraft:iron_axe":1,"minecraft:iron_pickaxe":1,"vampirism:ring":2,"minecraft:bucket":1,"minecraft:redstone":64,"minecraft:gravel":13,"minecraft:cobbled_deepslate":247,"minecraft:tuff":6,"minecraft:rotten_flesh":4,"minecraft:oak_planks":4,"minecraft:pumpkin_seeds":2,"vampirism:vampire_blood_bottle":1,"minecraft:diamond_pickaxe":1,"minecraft:oak_sapling":5,"minecraft:bamboo":13,"minecraft:spider_eye":1,"minecraft:bow":1,"minecraft:wooden_pickaxe":4},"minecraft:picked_up":{"minecraft:clay_ball":16,"minecraft:enchanted_book":2,"minecraft:iron_axe":1,"alexsmobs:banana":2,"minecraft:cobbled_deepslate":330,"minecraft:jungle_sapling":5,"minecraft:iron_pickaxe":2,"biomesoplenty:wildflower":4,"minecraft:melon_slice":24,"minecraft:chest":1,"minecraft:stick":4,"minecraft:raw_iron":13,"minecraft:big_dripleaf":2,"minecraft:torch":27,"vanillaplustools:iron_shovel":1,"botania:green_mushroom":2,"vampirism:holy_water_bottle_enhanced":2,"farmersdelight:tomato_seeds":4,"vampirism:vampire_fang":1,"tombstone:grave_dust":2,"minecraft:diorite":10,"minecraft:carrot":17,"minecraft:redstone":230,"botania:white_mystical_flower":1,"minecraft:rotten_flesh":9,"minecraft:arrow":6,"minecraft:rail":26,"minecraft:white_wool":4,"minecraft:cobblestone":35,"minecraft:stripped_oak_log":1,"vampirism:vampire_blood_bottle":1,"minecraft:feather":3,"minecraft:cooked_beef":4,"minecraft:water_bucket":2,"minecraft:jungle_log":288,"minecraft:flint":3,"minecraft:tuff":6,"minecraft:oak_log":44,"minecraft:lapis_lazuli":57,"minecraft:dirt":15,"biomesoplenty:glowing_moss_carpet":1,"minecraft:bone":3,"minecraft:bow":1,"biomesoplenty:glowworm_silk":1,"vampirism:item_garlic":1,"minecraft:iron_ingot":68,"scalinghealth:power_crystal_shard":2,"securitycraft:universal_block_reinforcer_lvl1":1,"minecraft:bamboo":13,"minecraft:milk_bucket":1,"botania:pink_double_flower":1,"vampirism:ring":3,"minecraft:gravel":21,"minecraft:jungle_planks":54,"minecraft:soul_torch":8,"securitycraft:reinforced_stone":1,"minecraft:spider_eye":2,"minecraft:diamond_shovel":1,"biomesoplenty:mahogany_log":3,"minecraft:pumpkin_seeds":4,"minecraft:diamond":5,"minecraft:granite":1,"minecraft:gray_wool":132,"minecraft:bread":5,"alexsmobs:maggot":2,"minecraft:oak_sapling":8,"minecraft:coal":35,"minecraft:diamond_pickaxe":2},"minecraft:crafted":{"minecraft:smooth_stone":1,"minecraft:oak_planks":24,"minecraft:iron_nugget":9,"biomesoplenty:mahogany_planks":4,"minecraft:stone":1,"minecraft:iron_boots":1,"minecraft:iron_axe":2,"stalwart_dungeons:iron_hammer":1,"minecraft:redstone_block":21,"minecraft:wooden_pickaxe":2,"minecraft:iron_helmet":1,"minecraft:bucket":1,"beyond_earth:hammer":1,"vampirism:weapon_table":1,"minecraft:air":0,"minecraft:jungle_planks":856,"minecraft:iron_chestplate":1,"minecraft:charcoal":9,"minecraft:stick":40,"minecraft:iron_ingot":2,"minecraft:iron_pickaxe":2,"minecraft:wooden_axe":1,"minecraft:iron_block":1,"minecraft:iron_leggings":1,"minecraft:torch":76},"minecraft:custom":{"minecraft:mob_kills":5,"minecraft:interact_with_crafting_table":37,"minecraft:open_barrel":1,"minecraft:damage_dealt_resisted":15,"minecraft:leave_game":3,"minecraft:time_since_death":1472,"minecraft:climb_one_cm":12385,"minecraft:sprint_one_cm":529193,"minecraft:walk_one_cm":967471,"minecraft:drop":52,"minecraft:talked_to_villager":3,"minecraft:play_time":276692,"minecraft:deaths":17,"minecraft:sneak_time":3647,"minecraft:walk_under_water_one_cm":2597,"minecraft:jump":4602,"minecraft:walk_on_water_one_cm":17569,"minecraft:total_world_time":276692,"minecraft:interact_with_furnace":17,"minecraft:time_since_rest":944,"minecraft:waystone_activated":1,"minecraft:damage_taken":108521,"minecraft:damage_dealt":4032,"minecraft:fly_one_cm":234981,"minecraft:swim_one_cm":630,"minecraft:open_chest":82,"minecraft:crouch_one_cm":4698,"tombstone:undead_killed":2,"minecraft:fall_one_cm":133674}},"DataVersion":3120}