{"stats":{"minecraft:dropped":{"alexsmobs:fish_bones":1,"minecraft:ender_pearl":1,"minecraft:diamond":60,"botania:cyan_petal":2,"minecraft:rail":13,"minecraft:flint":2,"minecraft:emerald":1,"minecraft:dirt":5,"minecraft:jungle_button":1,"minecraft:snowball":46,"minecraft:jungle_sapling":1,"minecraft:jungle_sign":3,"minecraft:writable_book":3,"minecraft:iron_pickaxe":1,"botania:white_petal":4,"botania:pink_double_flower":1,"minecraft:cauldron":1,"minecraft:gravel":146,"minecraft:cobbled_deepslate":1404,"blue_skies:scalefruit_seeds":2,"minecraft:rotten_flesh":41,"minecraft:oak_planks":4,"blue_skies:pine_fruit_seeds":1,"minecraft:diamond_shovel":2,"minecraft:gunpowder":10,"vampirism:vampire_blood_bottle":1,"vampirism:hunter_axe_ultimate":1,"vampirism:blood_container":1,"minecraft:egg":3,"farmersdelight:tomato_seeds":2,"minecraft:enchanted_book":7,"minecraft:water_bucket":2,"minecraft:wheat_seeds":5,"minecraft:deepslate_redstone_ore":191,"minecraft:tnt":2,"minecraft:deepslate_diamond_ore":86,"minecraft:feather":3,"minecraft:cobblestone":32,"minecraft:book":135,"stalwart_dungeons:iron_hammer":1,"undergarden:gloomgourd_seeds":3,"minecraft:polished_blackstone_button":2,"minecraft:grass_block":1,"minecraft:coal":4,"minecraft:gray_wool":50,"minecraft:diorite":31,"minecraft:ink_sac":1,"tombstone:magic_scroll":1,"minecraft:torch":16,"tombstone:grave_key":2,"minecraft:melon_slice":7,"botania:green_mushroom":1,"botania:alchemy_catalyst":1,"minecraft:iron_axe":2,"vampirism:ring":2,"vampirism:feeding_adapter":1,"minecraft:bucket":1,"minecraft:redstone":78,"securitycraft:mine":3,"minecraft:tuff":198,"minecraft:iron_hoe":2,"scalinghealth:deepslate_power_crystal_ore":7,"minecraft:deepslate_lapis_ore":32,"minecraft:pumpkin_seeds":2,"minecraft:diamond_sword":2,"minecraft:cobblestone_slab":4,"minecraft:shield":1,"minecraft:diamond_pickaxe":3,"minecraft:oak_sapling":5,"minecraft:bamboo":14,"minecraft:spider_eye":2,"minecraft:bow":2,"tombstone:book_of_disenchantment":1,"minecraft:wooden_pickaxe":4,"securitycraft:universal_block_reinforcer_lvl1":1,"botania:blue_petal":2},"minecraft:broken":{"minecraft:diamond_helmet":1,"securitycraft:universal_block_reinforcer_lvl1":1,"minecraft:iron_axe":1,"minecraft:iron_pickaxe":1,"minecraft:iron_helmet":1},"minecraft:picked_up":{"minecraft:iron_chestplate":1,"minecraft:wheat":2,"minecraft:diamond_sword":3,"minecraft:enchanted_book":6,"minecraft:amethyst_block":1,"minecraft:string":13,"minecraft:deepslate_lapis_ore":32,"alexsmobs:banana":2,"minecraft:cobbled_deepslate":1405,"botania:hydroangeas":1,"minecraft:cobblestone_slab":4,"minecraft:iron_pickaxe":2,"minecraft:melon_slice":130,"minecraft:coal_block":1,"minecraft:stick":4,"minecraft:big_dripleaf":2,"minecraft:torch":103,"vanillaplustools:iron_shovel":1,"vampirism:holy_water_bottle_enhanced":2,"vampirism:vampire_fang":3,"tombstone:grave_dust":8,"minecraft:diorite":26,"botania:white_mystical_flower":1,"vampirism:blood_bottle":1,"minecraft:rotten_flesh":64,"botania:livingrock":1,"botania:livingwood_log":1,"minecraft:snowball":59,"minecraft:cobblestone":79,"minecraft:feather":3,"minecraft:cooked_beef":4,"minecraft:water_bucket":3,"minecraft:jungle_log":289,"vanillaplustools:diamond_hammer":1,"minecraft:flint":3,"minecraft:tuff":196,"minecraft:lapis_lazuli":57,"minecraft:dirt":84,"botania:white_double_flower":1,"minecraft:bone":16,"minecraft:bow":2,"minecraft:wheat_seeds":15,"vampirism:item_garlic":1,"minecraft:bamboo":14,"minecraft:magenta_candle":2,"minecraft:oak_planks":3,"biomesoplenty:mahogany_planks":2,"botania:pink_double_flower":2,"vampirism:ring":3,"minecraft:jungle_planks":71,"botania:blue_petal":2,"scalinghealth:enchanted_heart":1,"minecraft:ink_sac":1,"minecraft:loom":1,"minecraft:grass_block":4,"securitycraft:reinforced_stone":7,"minecraft:spectral_arrow":12,"minecraft:mossy_cobblestone":1,"minecraft:bundle":1,"minecraft:iron_hoe":2,"tombstone:book_of_disenchantment":1,"minecraft:sugar":1,"minecraft:diamond":35,"minecraft:polished_blackstone_button":2,"minecraft:writable_book":2,"minecraft:granite":8,"scalinghealth:cursed_heart":1,"minecraft:emerald":1,"minecraft:bread":37,"alexsmobs:maggot":2,"minecraft:oak_sapling":8,"minecraft:diamond_pickaxe":6,"minecraft:clay_ball":16,"minecraft:shield":1,"minecraft:iron_axe":1,"botania:pure_daisy":1,"minecraft:deepslate_diamond_ore":86,"scalinghealth:chance_heart":4,"minecraft:jungle_sapling":5,"minecraft:observer":3,"biomesoplenty:wildflower":4,"minecraft:sugar_cane":24,"minecraft:chest":1,"minecraft:egg":5,"minecraft:raw_iron":17,"minecraft:stone":1,"botania:green_mushroom":2,"farmersdelight:tomato_seeds":4,"minecraft:carrot":18,"minecraft:redstone":329,"vampirism:feeding_adapter":1,"minecraft:jungle_sign":4,"minecraft:tnt":2,"minecraft:purple_candle":3,"minecraft:arrow":32,"scalinghealth:power_crystal":1,"minecraft:white_wool":4,"minecraft:rail":26,"minecraft:stripped_oak_log":1,"minecraft:jungle_boat":2,"botania:twig_wand":1,"vampirism:vampire_blood_bottle":1,"minecraft:oak_log":44,"scalinghealth:bandages":8,"minecraft:gunpowder":10,"minecraft:cobblestone_stairs":2,"scalinghealth:heart_crystal":9,"scalinghealth:deepslate_power_crystal_ore":7,"biomesoplenty:glowing_moss_carpet":1,"chococraft:chocobo_feather":3,"biomesoplenty:glowworm_silk":1,"minecraft:iron_ingot":69,"securitycraft:universal_block_reinforcer_lvl1":1,"scalinghealth:power_crystal_shard":2,"tombstone:bag_of_seeds":1,"botania:cyan_petal":2,"minecraft:book":238,"scalinghealth:heart_crystal_shard":9,"minecraft:milk_bucket":1,"alexsmobs:fish_bones":1,"minecraft:gravel":218,"botania:alchemy_catalyst":2,"tombstone:decorative_grave_simple":1,"minecraft:soul_torch":8,"vampirism:hunter_axe_ultimate":1,"minecraft:spider_eye":6,"biomesoplenty:mahogany_log":3,"minecraft:diamond_shovel":3,"minecraft:pumpkin_seeds":4,"vampirism:blood_container":1,"minecraft:deepslate_redstone_ore":191,"minecraft:gray_wool":132,"minecraft:baked_potato":62,"tombstone:magic_scroll":1,"securitycraft:keypad":2,"minecraft:coal":40,"minecraft:ender_pearl":3},"minecraft:killed_by":{"vampirism:advanced_vampire":1,"creeperoverhaul:cave_creeper":2,"minecraft:zombie":3,"graveyard:ghoul":1,"minecraft:spider":1,"minecraft:warden":2,"minecraft:skeleton":5},"minecraft:crafted":{"minecraft:jungle_button":1,"securitycraft:mine":6,"minecraft:smooth_stone":1,"minecraft:oak_planks":24,"minecraft:stone":1,"securitycraft:keypad_item":1,"minecraft:heavy_weighted_pressure_plate":1,"minecraft:bookshelf":7,"minecraft:iron_boots":1,"minecraft:chest":1,"minecraft:iron_door":3,"stalwart_dungeons:iron_hammer":1,"securitycraft:keypad_door_item":2,"minecraft:cauldron":1,"minecraft:diamond_axe":1,"minecraft:wooden_pickaxe":2,"minecraft:iron_helmet":1,"beyond_earth:hammer":1,"minecraft:iron_chestplate":2,"minecraft:diamond_pickaxe":10,"minecraft:charcoal":9,"minecraft:stick":76,"minecraft:iron_ingot":19,"minecraft:iron_pickaxe":2,"minecraft:iron_block":1,"minecraft:shears":1,"securitycraft:universal_block_reinforcer_lvl1":1,"tombstone:book_of_disenchantment":1,"minecraft:coal":9,"minecraft:iron_nugget":9,"biomesoplenty:mahogany_planks":96,"minecraft:stone_button":8,"securitycraft:keypad_frame":2,"minecraft:diamond":27,"minecraft:iron_axe":2,"securitycraft:universal_block_remover":1,"botania:white_petal":4,"minecraft:iron_hoe":1,"minecraft:redstone_block":29,"minecraft:diamond_sword":1,"scalinghealth:heart_crystal":1,"minecraft:bucket":1,"vampirism:weapon_table":1,"minecraft:bread":5,"minecraft:air":0,"minecraft:jungle_planks":948,"securitycraft:door_indestructible_iron_item":2,"minecraft:wooden_axe":1,"minecraft:iron_leggings":1,"minecraft:torch":120,"minecraft:lapis_lazuli":9},"minecraft:mined":{"minecraft:farmland":2,"minecraft:cobblestone_stairs":2,"minecraft:sculk_vein":23,"minecraft:jungle_leaves":10,"botania:pink_double_flower":1,"minecraft:obsidian":7,"minecraft:granite":7,"botania:livingwood_log":1,"minecraft:grass_block":15,"minecraft:jungle_log":3,"minecraft:coal_block":1,"minecraft:gilded_blackstone":49,"minecraft:red_stained_glass_pane":1,"minecraft:sculk_catalyst":1,"minecraft:iron_ore":9,"minecraft:cobbled_deepslate":1,"minecraft:deepslate_lapis_ore":32,"botania:green_mushroom":1,"biomesoplenty:glowshroom_block":2,"scalinghealth:deepslate_power_crystal_ore":9,"botania:alchemy_catalyst":2,"minecraft:deepslate_redstone_ore":246,"minecraft:blackstone":2,"biomesoplenty:glowworm_silk":1,"biomesoplenty:wildflower":4,"minecraft:torch":23,"minecraft:melon":24,"minecraft:cobblestone":15,"minecraft:sugar_cane":24,"minecraft:oak_planks":3,"minecraft:wall_torch":29,"minecraft:amethyst_block":1,"minecraft:grass":2,"minecraft:oak_log":7,"minecraft:loom":1,"minecraft:dirt":57,"minecraft:oak_leaves":38,"minecraft:deepslate":932,"minecraft:crying_obsidian":11,"minecraft:tuff":97,"minecraft:mossy_cobblestone":2,"minecraft:deepslate_diamond_ore":86,"minecraft:oak_door":1,"minecraft:purple_candle":1,"minecraft:jungle_planks":82,"minecraft:redstone_wire":4,"minecraft:polished_basalt":4,"minecraft:andesite":10,"minecraft:bookshelf":54,"minecraft:cobblestone_slab":4,"minecraft:deepslate_iron_ore":8,"minecraft:vine":30,"botania:livingrock":1,"minecraft:stripped_oak_log":1,"minecraft:bamboo":1,"biomesoplenty:spider_egg":1,"minecraft:stone":153,"minecraft:podzol":2,"minecraft:basalt":1,"minecraft:observer":3,"minecraft:jungle_sign":4,"biomesoplenty:mahogany_planks":2,"minecraft:sculk_sensor":1,"biomesoplenty:huge_clover_petal":1,"biomesoplenty:sprout":1,"minecraft:lapis_ore":8,"minecraft:sculk":46,"minecraft:diorite":21,"minecraft:gray_wool":69,"biomesoplenty:mahogany_log":3,"minecraft:magenta_candle":1,"botania:white_mystical_flower":1,"minecraft:coal_ore":39,"minecraft:gravel":36,"minecraft:terracotta":1,"minecraft:fern":6},"minecraft:used":{"stalwart_dungeons:iron_hammer":10,"minecraft:writable_book":1,"minecraft:purple_candle":3,"minecraft:chest":2,"minecraft:stone":1,"securitycraft:keypad_item":2,"minecraft:jungle_planks":1124,"minecraft:carrot":128,"minecraft:magenta_candle":2,"minecraft:snowball":13,"minecraft:milk_bucket":1,"vanillaplustools:iron_shovel":5,"tombstone:decorative_grave_simple":1,"minecraft:egg":2,"vampirism:weapon_table":1,"minecraft:oak_planks":20,"minecraft:ender_pearl":1,"minecraft:wooden_pickaxe":16,"securitycraft:keypad_frame":2,"minecraft:sugar_cane":11,"minecraft:diamond_axe":52,"minecraft:jungle_boat":2,"vanillaplustools:diamond_hammer":14,"minecraft:glow_berries":2,"minecraft:loom":1,"scalinghealth:cursed_heart":1,"securitycraft:universal_block_remover":8,"minecraft:melon_slice":96,"minecraft:bread":45,"minecraft:gravel":8,"minecraft:jungle_sign":1,"minecraft:diamond_sword":491,"biomesoplenty:mahogany_planks":4,"minecraft:redstone":10,"securitycraft:keypad_door_item":2,"minecraft:torch":191,"minecraft:dirt":27,"scalinghealth:heart_crystal":10,"securitycraft:reinforced_stone":7,"minecraft:iron_hoe":175,"minecraft:wooden_axe":21,"minecraft:bookshelf":7,"minecraft:iron_axe":240,"minecraft:jungle_log":7,"scalinghealth:power_crystal":1,"tombstone:gift":8,"alexsmobs:banana":3,"minecraft:cooked_beef":4,"minecraft:cobbled_deepslate":125,"minecraft:observer":3,"minecraft:wheat_seeds":7,"minecraft:water_bucket":62,"minecraft:amethyst_block":1,"minecraft:baked_potato":17,"scalinghealth:chance_heart":4,"minecraft:oak_log":16,"tombstone:bag_of_seeds":2,"minecraft:diamond_pickaxe":1507,"minecraft:diamond_shovel":42,"botania:alchemy_catalyst":2,"minecraft:iron_pickaxe":243,"minecraft:cobblestone":21,"minecraft:bucket":63,"alexsmobs:animal_dictionary":3},"minecraft:killed":{"vampirism:vampire":4,"minecraft:witch":1,"vampirism:advanced_vampire":2,"minecraft:spider":20,"minecraft:skeleton":13,"vampirism:blinding_bat":1,"alexsmobs:leafcutter_ant":1,"alexsmobs:skelewag":1,"vampirism:hunter":1,"minecraft:zombie":41,"alexsmobs:fly":1,"alexsmobs:gorilla":1,"graveyard:ghoul":1,"minecraft:squid":1,"minecraft:enderman":4},"minecraft:custom":{"minecraft:interact_with_crafting_table":92,"minecraft:open_barrel":1,"goblintraders:trade_with_goblin":4,"minecraft:leave_game":6,"minecraft:time_since_death":370302,"minecraft:damage_resisted":15,"minecraft:sprint_one_cm":1392757,"minecraft:drop":188,"minecraft:talked_to_villager":3,"minecraft:play_time":645522,"minecraft:deaths":17,"minecraft:jump":12200,"minecraft:walk_on_water_one_cm":38756,"minecraft:enchant_item":2,"minecraft:interact_with_furnace":22,"minecraft:interact_with_loom":1,"minecraft:waystone_activated":2,"minecraft:damage_dealt":47810,"minecraft:crouch_one_cm":11288,"tombstone:undead_killed":56,"minecraft:mob_kills":96,"minecraft:interact_with_anvil":6,"minecraft:damage_dealt_resisted":1218,"minecraft:climb_one_cm":17083,"minecraft:walk_one_cm":2236435,"minecraft:sneak_time":9177,"minecraft:walk_under_water_one_cm":22731,"minecraft:boat_one_cm":129520,"minecraft:total_world_time":645522,"tombstone:raider_killed":1,"minecraft:time_since_rest":369774,"minecraft:damage_taken":317042,"minecraft:swim_one_cm":6303,"minecraft:fly_one_cm":2128374,"minecraft:open_chest":266,"minecraft:fall_one_cm":569383}},"DataVersion":3120}