{"stats":{"minecraft:dropped":{"minecraft:porkchop":4,"minecraft:lapis_lazuli":11,"minecraft:cooked_beef":1,"minecraft:glow_ink_sac":2,"vampirism:human_heart":2,"botania:red_mystical_flower":2,"vampirism:castle_block_dark_brick_bloody":1,"minecraft:glass_bottle":11,"minecraft:diamond":132,"biomesoplenty:mahogany_planks":48,"minecraft:rail":2,"minecraft:emerald":8,"minecraft:dirt":679,"minecraft:jungle_sapling":1,"minecraft:writable_book":15,"minecraft:bone_meal":7,"minecraft:sand":41,"scalinghealth:chance_heart":4,"minecraft:iron_pickaxe":1,"minecraft:bone":22,"botania:pink_double_flower":2,"botania:white_mushroom":1,"minecraft:sugar_cane":21,"vanillaplustools:stone_shovel":2,"minecraft:cobbled_deepslate":793,"minecraft:wheat":56,"graveyard:dark_iron_ingot":2,"minecraft:rotten_flesh":52,"vampirism:altar_cleansing":1,"minecraft:oak_planks":11,"minecraft:azure_bluet":16,"alexsmobs:leafcutter_ant_pupa":1,"securitycraft:disguise_module":1,"vampirism:vampire_blood_bottle":3,"vampirism:vampire_fang":2,"minecraft:jungle_log":2,"artifacts:panic_necklace":1,"minecraft:spruce_slab":1,"biomesoplenty:mahogany_sapling":7,"vampirism:blood_container":2,"minecraft:stone_brick_stairs":1,"botania:brown_petal":2,"botania:white_double_flower":1,"minecraft:egg":4,"vampirism:item_garlic":5,"farmersdelight:tomato_seeds":5,"minecraft:iron_ingot":131,"minecraft:enchanted_book":1,"minecraft:black_dye":15,"minecraft:wheat_seeds":245,"minecraft:cobbled_deepslate_stairs":2,"minecraft:iron_helmet":7,"minecraft:cobblestone":2001,"minecraft:book":14,"chococraft:gysahl_green_seeds":14,"minecraft:granite":63,"minecraft:polished_blackstone_button":1,"minecraft:coal":111,"minecraft:coal_block":6,"minecraft:jungle_slab":1,"artifacts:lucky_scarf":1,"minecraft:wooden_hoe":1,"vampirism:cursed_earth":6,"minecraft:mud":5,"minecraft:string":27,"vampirism:feeding_adapter":1,"minecraft:spruce_sapling":1,"minecraft:stone_sword":1,"minecraft:iron_boots":4,"minecraft:spruce_fence":1,"minecraft:shears":1,"minecraft:big_dripleaf":5,"minecraft:potato":11,"minecraft:cobblestone_slab":6,"minecraft:stone":3,"minecraft:allium":1,"minecraft:spruce_planks":1,"minecraft:diamond_pickaxe":10,"minecraft:yellow_bed":1,"vampirism:crossbow_arrow_normal":18,"botania:twig_wand":2,"minecraft:spider_eye":10,"minecraft:stone_bricks":1,"minecraft:bow":1,"scalinghealth:bandages":3,"graveyard:dark_iron_bars":10,"botania:blue_petal":16,"artifacts:fire_gauntlet":1,"minecraft:spruce_sign":5,"minecraft:candle":2,"minecraft:oak_log":6,"minecraft:ender_pearl":12,"minecraft:dark_oak_sapling":1,"botania:cyan_petal":45,"mca:bouquet":1,"minecraft:leather":6,"minecraft:jungle_planks":154,"biomesoplenty:orange_cosmos":2,"alexsmobs:bison_fur":1,"minecraft:flint":1,"minecraft:music_disc_13":1,"minecraft:snowball":11,"botania:white_petal":4,"minecraft:gravel":155,"minecraft:soul_lantern":1,"vampirism:blood_bottle":5,"minecraft:white_candle":5,"minecraft:diamond_shovel":2,"minecraft:beehive":1,"mining_helmet:mining_helmet":1,"minecraft:carrot":34,"minecraft:poppy":2,"minecraft:gunpowder":11,"artifacts:helium_flamingo":1,"minecraft:stone_brick_wall":2,"minecraft:azalea":4,"vanillaplustools:stone_hammer":1,"minecraft:arrow":13,"minecraft:water_bucket":3,"minecraft:stone_hoe":2,"biomesoplenty:mahogany_log":47,"minecraft:bread":33,"minecraft:lilac":1,"scalinghealth:cursed_heart":2,"botania:red_petal":1,"minecraft:lead":1,"scalinghealth:heart_crystal_shard":8,"minecraft:spectral_arrow":12,"minecraft:observer":1,"vanillaplustools:iron_shovel":1,"minecraft:spruce_stairs":1,"minecraft:grass_block":1,"scalinghealth:power_crystal":1,"minecraft:stick":46,"scalinghealth:medkit":1,"minecraft:spruce_fence_gate":1,"farmersdelight:golden_knife":1,"minecraft:diorite":31,"minecraft:milk_bucket":1,"minecraft:torch":13,"scalinghealth:heart_crystal":4,"minecraft:melon_slice":14,"tombstone:grave_dust":3,"minecraft:iron_leggings":1,"botania:alchemy_catalyst":2,"minecraft:tripwire_hook":17,"minecraft:bucket":1,"minecraft:smooth_basalt":14,"minecraft:redstone":8,"minecraft:polished_deepslate":3,"vampirism:umbrella":1,"minecraft:brown_dye":4,"vampirism:heart_seeker_normal":1,"minecraft:oak_trapdoor":2,"botania:light_gray_petal":1,"chococraft:chocobo_feather":6,"minecraft:tuff":92,"minecraft:raw_iron":73,"botania:overgrowth_seed":1,"vampirism:heart_striker_enhanced":2,"minecraft:dirt_path":1,"minecraft:flint_and_steel":2,"minecraft:iron_chestplate":4,"minecraft:andesite":40,"minecraft:oak_sapling":19,"artifacts:pocket_piston":2,"minecraft:spruce_log":6,"minecraft:stone_pickaxe":2,"minecraft:wooden_pickaxe":1,"minecraft:raw_gold":23,"minecraft:calcite":2,"scalinghealth:enchanted_heart":1},"minecraft:broken":{"minecraft:diamond_helmet":1,"minecraft:iron_boots":2,"minecraft:iron_chestplate":1,"minecraft:iron_leggings":2,"vanillaplustools:iron_shovel":1,"minecraft:diamond_pickaxe":3,"minecraft:iron_sword":1,"minecraft:wooden_pickaxe":1,"vanillaplustools:stone_hammer":3,"minecraft:iron_axe":1,"minecraft:iron_helmet":2,"vanillaplustools:stone_shovel":1,"minecraft:wooden_hoe":1,"minecraft:stone_pickaxe":3},"minecraft:picked_up":{"minecraft:iron_chestplate":3,"minecraft:lead":2,"minecraft:enchanted_book":1,"minecraft:wither_rose":1,"minecraft:brewing_stand":4,"botania:light_blue_double_flower":2,"vampirism:holy_water_bottle_normal":2,"minecraft:polished_deepslate":3,"minecraft:string":49,"minecraft:soul_soil":3,"botania:light_gray_double_flower":2,"vanillaplustools:stone_shovel":2,"vampirism:cursed_spruce_planks":38,"minecraft:cobbled_deepslate":3076,"minecraft:spruce_planks":278,"botania:hydroangeas":8,"minecraft:written_book":1,"minecraft:melon_slice":13,"minecraft:coal_block":16,"minecraft:beehive":3,"minecraft:big_dripleaf":5,"vanillaplustools:iron_shovel":2,"minecraft:cauldron":1,"minecraft:black_dye":2,"botania:white_mystical_flower":1,"minecraft:stone_sword":1,"vampirism:blood_bottle":7,"artifacts:lucky_scarf":1,"botania:livingrock":9,"minecraft:tropical_fish":1,"farmersdelight:onion":5,"vampirism:blood_grinder":2,"botania:livingwood_log":19,"botania:blue_double_flower":7,"minecraft:iron_bars":21,"minecraft:snowball":18,"minecraft:cooked_beef":1,"minecraft:water_bucket":2,"minecraft:jungle_log":47,"alexsmobs:bison_fur":1,"minecraft:flint":1,"minecraft:lantern":2,"artifacts:flippers":1,"botania:white_double_flower":5,"minecraft:chipped_anvil":1,"undergarden:gloomgourd_seeds":3,"minecraft:moss_block":66,"biomesoplenty:mahogany_planks":68,"botania:mana_pool":3,"botania:red_mystical_flower":5,"vampirism:cursed_spruce_log":164,"botania:pink_double_flower":2,"minecraft:dropper":1,"scalinghealth:enchanted_heart":1,"minecraft:ink_sac":10,"minecraft:bundle":2,"graveyard:oak_coffin":1,"minecraft:white_candle":5,"minecraft:writable_book":14,"minecraft:granite":59,"minecraft:bread":90,"minecraft:diamond_pickaxe":6,"minecraft:crafting_table":4,"minecraft:mud":155,"graveyard:dark_iron_ingot":2,"vampirism:heart_striker_enhanced":2,"botania:endoflame":1,"minecraft:flint_and_steel":2,"vampirism:cursed_earth":6,"botania:pure_daisy":2,"minecraft:beef":14,"securitycraft:smart_module":1,"minecraft:jungle_sapling":1,"minecraft:poppy":9,"minecraft:spruce_slab":1,"minecraft:birch_sapling":1,"globalxp:xp_block":1,"minecraft:egg":21,"minecraft:spruce_fence":2,"vampirism:umbrella":1,"graveyard:dark_iron_bars":51,"minecraft:carrot":174,"minecraft:redstone":276,"minecraft:peony":1,"blue_skies:scalefruit_seeds":2,"botania:apothecary_default":2,"minecraft:deepslate_bricks":4,"botania:blue_mystical_flower":5,"minecraft:gold_ingot":29,"artifacts:pocket_piston":2,"minecraft:glow_berries":8,"minecraft:rail":2,"minecraft:emerald_ore":2,"minecraft:oxeye_daisy":2,"botania:light_blue_petal":2,"vampirism:vampire_blood_bottle":8,"minecraft:tripwire_hook":17,"alexsmobs:skreecher_soul":1,"minecraft:oak_log":28,"scalinghealth:bandages":5,"botania:red_mushroom":3,"tombstone:gift":2,"scalinghealth:medkit":3,"chococraft:chocobo_feather":8,"chococraft:gysahl_green":23,"minecraft:stone_bricks":3,"minecraft:spore_blossom":1,"minecraft:stone_pickaxe":2,"minecraft:cobweb":3,"scalinghealth:power_crystal_shard":6,"minecraft:glass_bottle":7,"minecraft:iron_sword":1,"botania:cyan_petal":14,"minecraft:flowering_azalea":2,"botania:mana_spreader":1,"minecraft:smooth_basalt":101,"minecraft:gravel":154,"minecraft:spruce_sapling":1,"minecraft:spruce_log":14,"securitycraft:whitelist_module":1,"biomesoplenty:mahogany_log":106,"minecraft:diamond_shovel":1,"vampirism:blood_container":4,"minecraft:gray_wool":48,"vampirism:vampire_orchid":5,"botania:brown_mystical_flower":1,"minecraft:ender_pearl":15,"vampirism:coffin_white":8,"minecraft:wheat":162,"minecraft:stone_brick_stairs":1,"vampirism:cursed_spruce_stairs":8,"botania:mana_pearl":1,"minecraft:raw_copper":123,"graveyard:candle_holder":8,"minecraft:iron_leggings":1,"minecraft:sticky_piston":1,"minecraft:deepslate_tiles":2,"minecraft:bucket":3,"vampirism:heart_seeker_normal":1,"minecraft:azalea":4,"minecraft:calcite":2,"minecraft:iron_pickaxe":1,"vampirism:crossbow_arrow_normal":12,"minecraft:iron_boots":2,"minecraft:furnace":7,"minecraft:stick":31,"botania:cyan_double_flower":8,"minecraft:torch":55,"minecraft:spruce_stairs":1,"minecraft:porkchop":8,"vampirism:vampire_fang":3,"tombstone:grave_dust":9,"minecraft:diorite":35,"minecraft:rotten_flesh":74,"botania:light_gray_mystical_flower":2,"biomesoplenty:mahogany_sapling":11,"chococraft:chocobo_drumstick_raw":2,"artifacts:panic_necklace":1,"minecraft:deepslate_brick_stairs":1,"minecraft:obsidian":4,"biomesoplenty:orange_cosmos":3,"minecraft:cobblestone":2632,"vampirism:vampire_book":3,"minecraft:lilac":1,"minecraft:andesite":61,"biomesoplenty:glowshroom":3,"minecraft:potato":8,"minecraft:tuff":130,"graveyard:dark_iron_door":12,"artifacts:flame_pendant":1,"minecraft:lapis_lazuli":97,"minecraft:dirt":2740,"minecraft:name_tag":2,"minecraft:glass":4,"minecraft:bone":60,"botania:cyan_mystical_flower":1,"botania:purple_mystical_flower":1,"minecraft:wheat_seeds":376,"minecraft:bow":1,"minecraft:cobbled_deepslate_wall":1,"botania:pink_mystical_flower":2,"minecraft:raw_gold":76,"minecraft:deepslate_brick_slab":2,"vampirism:pure_blood_1":1,"minecraft:cobbled_deepslate_slab":2,"minecraft:bell":1,"vampirism:item_garlic":5,"botania:gray_mystical_flower":1,"minecraft:oak_planks":1,"minecraft:stone_hoe":1,"minecraft:sand":122,"minecraft:jungle_planks":152,"botania:blue_petal":2,"minecraft:grass_block":5,"minecraft:jungle_slab":1,"minecraft:spectral_arrow":12,"vampirism:pure_blood_0":1,"minecraft:spruce_fence_gate":1,"blue_skies:pine_fruit_seeds":1,"artifacts:golden_hook":1,"minecraft:diamond":153,"minecraft:soul_lantern":2,"minecraft:polished_blackstone_button":2,"minecraft:bone_meal":29,"minecraft:spruce_sign":5,"scalinghealth:cursed_heart":2,"minecraft:oak_sapling":19,"mca:bouquet":1,"securitycraft:redstone_module":1,"minecraft:cocoa_beans":12,"minecraft:allium":1,"minecraft:azure_bluet":16,"botania:brown_double_flower":1,"botania:white_mushroom":1,"minecraft:stone_brick_wall":1,"minecraft:gold_block":2,"minecraft:oak_trapdoor":2,"minecraft:moss_carpet":11,"minecraft:iron_axe":1,"minecraft:quartz_slab":14,"artifacts:fire_gauntlet":1,"graveyard:corruption":9,"minecraft:candle":43,"scalinghealth:chance_heart":5,"minecraft:player_head":1,"minecraft:observer":7,"minecraft:lectern":2,"minecraft:sugar_cane":21,"farmersdelight:golden_knife":1,"minecraft:phantom_membrane":6,"minecraft:raw_iron":283,"vampirism:castle_block_dark_brick_bloody":1,"alexsmobs:leafcutter_ant_pupa":1,"minecraft:brown_dye":2,"vampirism:feeding_adapter":1,"minecraft:arrow":30,"botania:lime_mystical_flower":2,"scalinghealth:power_crystal":1,"minecraft:cracked_deepslate_tiles":1,"botania:twig_wand":1,"minecraft:glow_ink_sac":2,"securitycraft:disguise_module":4,"minecraft:leather":3,"minecraft:yellow_bed":1,"minecraft:cobbled_deepslate_stairs":7,"minecraft:gunpowder":4,"scalinghealth:heart_crystal":12,"minecraft:wooden_hoe":1,"botania:light_blue_mystical_flower":3,"botania:black_mystical_flower":5,"vampirism:human_heart":7,"minecraft:iron_ingot":2,"vampirism:altar_cleansing":4,"minecraft:book":178,"scalinghealth:heart_crystal_shard":12,"graveyard:pedestal":3,"minecraft:dandelion":1,"botania:alchemy_catalyst":4,"graveyard:dark_iron_block":1,"chococraft:gysahl_green_seeds":16,"minecraft:white_bed":2,"vampirism:altar_infusion":2,"minecraft:spider_eye":18,"artifacts:helium_flamingo":3,"minecraft:iron_helmet":6,"vanillaplustools:stone_hammer":3,"minecraft:terracotta":50,"tombstone:magic_scroll":3,"minecraft:coal":207},"minecraft:killed_by":{"graveyard:acolyte":1,"minecraft:warden":1,"vampirism:hunter":1},"minecraft:crafted":{"minecraft:black_dye":13,"minecraft:red_stained_glass_pane":40,"botania:purple_petal":2,"botania:mana_pool":1,"minecraft:bookshelf":1,"botania:red_petal":6,"minecraft:quartz_block":1,"minecraft:glass":66,"minecraft:diamond_helmet":1,"botania:twig_wand":2,"minecraft:diamond_leggings":1,"vanillaplustools:stone_shovel":1,"botania:alchemy_catalyst":1,"minecraft:chiseled_quartz_block":1,"botania:light_gray_petal":8,"minecraft:glass_bottle":3,"minecraft:emerald":8,"botania:livingwood_twig":6,"mining_helmet:mining_helmet":1,"minecraft:wooden_hoe":1,"minecraft:iron_block":4,"minecraft:gold_ingot":84,"tombstone:book_of_disenchantment":1,"vampirism:altar_tip":4,"minecraft:stone_shovel":9,"vanillaplustools:stone_hammer":1,"vampirism:cursed_spruce_stairs":20,"botania:blue_petal":22,"minecraft:bone_meal":108,"botania:black_petal":6,"botania:white_petal":14,"minecraft:spruce_slab":6,"minecraft:stone_pickaxe":12,"minecraft:diamond_boots":1,"minecraft:cobbled_deepslate_stairs":44,"botania:light_blue_petal":4,"minecraft:redstone_block":30,"minecraft:dark_oak_planks":4,"minecraft:enchanting_table":1,"botania:mana_spreader":1,"botania:lexicon":1,"vampirism:blood_infused_iron_ingot":3,"vampirism:heart_seeker_normal":1,"minecraft:writable_book":1,"minecraft:iron_leggings":2,"minecraft:white_bed":1,"minecraft:oak_planks":56,"minecraft:cobblestone_slab":6,"securitycraft:wire_cutters":1,"minecraft:stone":96,"minecraft:hopper":1,"minecraft:iron_boots":2,"vampirism:altar_inspiration":1,"minecraft:chest":6,"vampirism:blood_grinder":1,"minecraft:stone_hoe":1,"minecraft:stone_bricks":72,"minecraft:dropper":1,"botania:cyan_petal":24,"minecraft:crafting_table":2,"minecraft:spruce_planks":32,"minecraft:wooden_pickaxe":2,"minecraft:iron_helmet":2,"minecraft:brown_dye":2,"tombstone:decorative_grave_simple":1,"minecraft:gold_block":12,"minecraft:iron_chestplate":2,"minecraft:diamond_pickaxe":4,"minecraft:stick":64,"minecraft:iron_ingot":313,"vampirism:coffin_white":1,"botania:apothecary_default":1,"minecraft:shears":2,"botania:brown_petal":6,"chococraft:chocobo_drumstick_cooked":1,"biomesoplenty:mahogany_planks":48,"vampirism:cursed_spruce_planks":656,"graveyard:dark_iron_ingot":9,"minecraft:flint_and_steel":1,"minecraft:glass_pane":64,"vampirism:blood_sieve":1,"vampirism:altar_infusion":1,"minecraft:cooked_beef":8,"minecraft:red_dye":5,"minecraft:bucket":2,"minecraft:air":0,"minecraft:jungle_planks":172,"vampirism:altar_pillar":12,"minecraft:white_wool":6,"tombstone:dark_marble":3,"vampirism:blood_container":5,"minecraft:torch":28,"minecraft:diamond_chestplate":1},"minecraft:mined":{"botania:mana_pool":3,"minecraft:white_bed":2,"graveyard:pedestal":3,"botania:red_mystical_flower":3,"minecraft:jungle_leaves":46,"graveyard:candle_holder":8,"minecraft:obsidian":4,"minecraft:granite":150,"botania:livingwood_log":18,"minecraft:jungle_log":24,"minecraft:deepslate_bricks":8,"minecraft:coal_block":16,"botania:light_gray_mystical_flower":2,"minecraft:spawner":5,"botania:purple_mystical_flower":1,"minecraft:cobbled_deepslate":532,"minecraft:sticky_piston":1,"minecraft:fire":20,"minecraft:moss_carpet":7,"minecraft:sculk_shrieker":9,"minecraft:cave_vines":5,"minecraft:dirt_path":4,"scalinghealth:deepslate_power_crystal_ore":5,"minecraft:quartz_slab":7,"minecraft:deepslate_brick_stairs":1,"botania:brown_mystical_flower":2,"botania:light_blue_mystical_flower":3,"minecraft:player_head":1,"botania:alchemy_catalyst":2,"minecraft:torch":26,"minecraft:melon":1,"minecraft:dead_bush":2,"minecraft:spruce_wall_sign":3,"minecraft:white_candle":2,"botania:black_mystical_flower":5,"minecraft:amethyst_block":6,"vampirism:castle_block_dark_brick":2,"minecraft:mud":158,"biomesoplenty:glowworm_silk_strand":1,"vampirism:dark_spruce_leaves":3,"minecraft:wheat":5,"minecraft:lilac":1,"minecraft:stone_brick_stairs":2,"minecraft:grass":171,"minecraft:smooth_basalt":94,"minecraft:deepslate":2605,"minecraft:deepslate_tiles":8,"vampirism:cursed_spruce_planks":35,"botania:red_mushroom":3,"minecraft:cobbled_deepslate_slab":2,"minecraft:spruce_fence":1,"minecraft:jungle_planks":44,"graveyard:tg_deepslate":2,"botania:cyan_double_flower":8,"minecraft:redstone_wire":3,"minecraft:moss_block":75,"minecraft:andesite":159,"minecraft:big_dripleaf_stem":2,"minecraft:vine":4,"botania:yellow_mushroom":1,"botania:mana_spreader":1,"vampirism:cursed_earth":5,"botania:lime_mystical_flower":2,"vampirism:altar_cleansing":4,"minecraft:observer":6,"vampirism:cursed_grass":2,"minecraft:cobbled_deepslate_wall":1,"minecraft:dropper":1,"biomesoplenty:mahogany_planks":7,"vampirism:coffin_white":8,"minecraft:tall_grass":12,"minecraft:copper_ore":41,"minecraft:deepslate_gold_ore":63,"minecraft:cracked_deepslate_bricks":1,"minecraft:diorite":211,"graveyard:dark_iron_block":1,"minecraft:black_stained_glass":1,"graveyard:vase_block":1,"minecraft:spruce_log":7,"minecraft:birch_leaves":1,"botania:white_mystical_flower":1,"minecraft:gravel":117,"minecraft:dripstone_block":1,"botania:gray_mystical_flower":1,"minecraft:cobweb":6,"minecraft:spruce_fence_gate":2,"minecraft:stone_bricks":1,"minecraft:chipped_anvil":1,"minecraft:gold_ore":6,"minecraft:fern":215,"biomesoplenty:glowshroom":3,"minecraft:spruce_planks":9,"minecraft:cobbled_deepslate_stairs":7,"minecraft:jungle_slab":1,"minecraft:sculk_vein":16,"minecraft:brewing_stand":4,"minecraft:spruce_trapdoor":4,"minecraft:cave_vines_plant":8,"minecraft:grass_block":992,"graveyard:dark_iron_door":7,"minecraft:soul_soil":3,"botania:apothecary_default":2,"minecraft:sculk_catalyst":13,"biomesoplenty:orange_cosmos":3,"minecraft:iron_ore":204,"graveyard:leaning_wither_skeleton":1,"minecraft:azure_bluet":9,"chococraft:gysahl_green":12,"minecraft:iron_bars":21,"minecraft:azalea":4,"minecraft:spruce_slab":1,"minecraft:deepslate_redstone_ore":66,"minecraft:clay":3,"vampirism:blood_grinder":2,"minecraft:calcite":10,"minecraft:poppy":7,"botania:hydroangeas":1,"minecraft:cobblestone":85,"botania:blue_mystical_flower":4,"graveyard:lying_skeleton":1,"minecraft:oak_planks":7,"botania:light_gray_double_flower":2,"botania:blue_double_flower":7,"minecraft:wall_torch":10,"minecraft:seagrass":2,"botania:light_blue_buried_petals":2,"minecraft:stripped_oak_wood":1,"minecraft:tnt":2,"minecraft:cracked_deepslate_tiles":6,"biomesoplenty:clover":132,"minecraft:oak_log":22,"minecraft:sand":139,"minecraft:dirt":2681,"minecraft:crimson_planks":1,"minecraft:oak_leaves":319,"minecraft:diamond_ore":6,"minecraft:tuff":148,"scalinghealth:power_crystal_ore":1,"minecraft:deepslate_diamond_ore":45,"minecraft:candle":15,"botania:brown_double_flower":1,"vampirism:vampire_orchid":4,"minecraft:spruce_leaves":4,"vampirism:cursed_spruce_stairs":8,"minecraft:large_fern":1,"minecraft:spore_blossom":1,"minecraft:deepslate_brick_slab":2,"minecraft:furnace":7,"minecraft:gold_block":2,"minecraft:polished_deepslate":5,"minecraft:bookshelf":42,"minecraft:deepslate_iron_ore":60,"botania:livingrock":9,"minecraft:lantern":1,"botania:pure_daisy":1,"minecraft:stone":4799,"botania:light_blue_double_flower":2,"scalinghealth:heart_crystal_ore":1,"minecraft:flowering_azalea":2,"vampirism:cursed_spruce_log":164,"graveyard:small_light_gray_urn":1,"minecraft:crafting_table":4,"minecraft:sculk_sensor":33,"minecraft:lectern":2,"minecraft:deepslate_coal_ore":1,"biomesoplenty:sprout":18,"biomesoplenty:huge_clover_petal":64,"minecraft:lapis_ore":2,"botania:white_double_flower":5,"minecraft:sculk":18,"minecraft:spruce_stairs":1,"botania:pink_mystical_flower":1,"botania:cyan_mystical_flower":1,"biomesoplenty:mahogany_log":8,"minecraft:beehive":3,"minecraft:ice":2,"vampirism:cursed_roots":2,"minecraft:yellow_bed":1,"graveyard:dark_iron_bars":56,"minecraft:coal_ore":149,"minecraft:cocoa":1,"graveyard:leaning_skeleton":2,"minecraft:terracotta":51},"minecraft:used":{"minecraft:moss_block":66,"minecraft:writable_book":10,"botania:light_blue_petal":6,"vampirism:coffin_red":4,"botania:white_petal":6,"vampirism:altar_infusion":3,"minecraft:spruce_slab":6,"minecraft:ladder":6,"minecraft:poppy":5,"minecraft:chest":9,"minecraft:stone":111,"vampirism:blood_container":4,"securitycraft:username_logger":1,"minecraft:rotten_flesh":6,"minecraft:lily_of_the_valley":4,"securitycraft:keypad_item":5,"minecraft:deepslate_brick_slab":2,"minecraft:cracked_deepslate_tiles":1,"graveyard:dark_iron_trapdoor":1,"botania:black_petal":2,"minecraft:lava_bucket":86,"minecraft:grass_block":602,"botania:cyan_double_flower":2,"minecraft:red_stained_glass_pane":25,"vampirism:blood_sieve":1,"minecraft:stone_brick_stairs":223,"botania:cyan_mystical_flower":1,"securitycraft:storage_module":1,"minecraft:furnace":11,"minecraft:egg":6,"securitycraft:inventory_scanner":3,"minecraft:emerald_ore":1,"minecraft:diorite":4,"minecraft:wooden_pickaxe":59,"vampirism:dark_spruce_wood":2,"graveyard:dark_iron_bars":35,"minecraft:oak_leaves":2,"mca:female_villager_spawn_egg":76,"vampirism:cursed_spruce_stairs":28,"cfm:spruce_table":24,"minecraft:deepslate_brick_stairs":1,"minecraft:deepslate_tiles":2,"minecraft:spore_blossom":1,"minecraft:lectern":2,"minecraft:soul_lantern":1,"graveyard:dark_iron_door":22,"globalxp:xp_block":3,"botania:pure_daisy":2,"vampirism:altar_cleansing":3,"goblintraders:goblin_trader_spawn_egg":3,"minecraft:birch_log":3,"securitycraft:whitelist_module":3,"minecraft:oak_trapdoor":8,"minecraft:stone_sword":16,"minecraft:enchanting_table":1,"vampirism:heart_seeker_enhanced":281,"vanillaplustools:stone_hammer":343,"securitycraft:disguise_module":9,"minecraft:torch":107,"minecraft:brewing_stand":3,"minecraft:flowering_azalea":2,"minecraft:chipped_anvil":1,"botania:red_petal":2,"minecraft:iron_axe":145,"securitycraft:universal_block_modifier":17,"minecraft:smooth_basalt":75,"botania:mana_pool":4,"tombstone:gift":11,"botania:light_gray_double_flower":1,"mca:staff_of_life":9,"minecraft:cobbled_deepslate":2748,"minecraft:observer":5,"botania:purple_petal":2,"minecraft:wheat_seeds":66,"mca:male_villager_spawn_egg":38,"minecraft:water_bucket":47,"securitycraft:projector":7,"vampirism:altar_inspiration":1,"minecraft:dirt_path":310,"botania:endoflame":1,"botania:mana_spreader":2,"vampirism:blood_grinder":3,"biomesoplenty:mahogany_log":2,"cfm:spruce_chair":9,"securitycraft:redstone_module":2,"minecraft:tnt":11,"minecraft:crafting_table":6,"minecraft:red_bed":2,"vanillaplustools:stone_shovel":230,"minecraft:white_bed":3,"botania:apothecary_default":3,"minecraft:oak_log":31,"minecraft:mud":150,"botania:light_blue_double_flower":1,"minecraft:cornflower":3,"minecraft:diamond_pickaxe":7500,"minecraft:oxeye_daisy":1,"chococraft:gysahl_green_seeds":2,"tombstone:magic_scroll":1,"vampirism:altar_tip":6,"minecraft:chiseled_stone_bricks":77,"minecraft:cobblestone":762,"minecraft:porkchop":3,"minecraft:dandelion":6,"minecraft:candle":78,"minecraft:moss_carpet":1,"vampirism:cursed_spruce_planks":664,"vampirism:heart_striker_enhanced":792,"minecraft:white_terracotta":10,"minecraft:iron_sword":50,"graveyard:pedestal":5,"minecraft:iron_chestplate":1,"chococraft:chocobo_drumstick_cooked":1,"vampirism:coffin_white":9,"minecraft:jungle_planks":56,"minecraft:carrot":56,"minecraft:beehive":2,"minecraft:axolotl_bucket":1,"vampirism:dark_spruce_door":4,"vanillaplustools:iron_shovel":208,"tombstone:decorative_grave_simple":1,"minecraft:quartz_slab":2,"minecraft:lantern":30,"minecraft:blue_orchid":4,"securitycraft:block_change_detector":2,"minecraft:iron_helmet":2,"minecraft:stone_bricks":313,"minecraft:bedrock":4,"minecraft:written_book":1,"botania:brown_petal":2,"minecraft:dropper":1,"blue_skies:pyrope_sword":7,"minecraft:birch_leaves":5,"minecraft:stone_pickaxe":436,"minecraft:oak_planks":8,"minecraft:redstone_block":10,"minecraft:sugar_cane":10,"vampirism:item_candelabra":6,"vampirism:heart_seeker_normal":267,"vampirism:cursed_spruce_door":4,"minecraft:stone_brick_wall":74,"minecraft:cobbled_deepslate_stairs":92,"waystones:waystone":2,"minecraft:melon_slice":6,"minecraft:bread":27,"vampirism:altar_pillar":19,"botania:blue_petal":5,"securitycraft:smart_module":3,"minecraft:deepslate":52,"minecraft:andesite":21,"minecraft:chain":7,"chococraft:gysahl_green":10,"minecraft:bone_meal":85,"minecraft:cobweb":2,"botania:hydroangeas":8,"biomesoplenty:mahogany_planks":12,"graveyard:candle_holder":15,"minecraft:flint_and_steel":35,"minecraft:tropical_fish":1,"minecraft:stone_shovel":37,"minecraft:redstone":8,"botania:white_double_flower":1,"minecraft:spruce_planks":380,"farmersdelight:rich_soil":1,"minecraft:stone_hoe":47,"minecraft:oak_door":1,"minecraft:dirt":2743,"scalinghealth:heart_crystal":26,"botania:twig_wand":165,"botania:light_gray_petal":5,"minecraft:spruce_fence":1,"minecraft:stone_brick_slab":307,"minecraft:bookshelf":2,"minecraft:red_tulip":3,"minecraft:iron_boots":1,"minecraft:cooked_beef":8,"minecraft:iron_leggings":3,"blue_skies:horizonite_sword":42,"scalinghealth:chance_heart":1,"botania:blue_double_flower":3,"mca:scythe":2,"minecraft:wooden_hoe":45,"botania:alchemy_catalyst":3,"minecraft:cobbled_deepslate_slab":6,"mining_helmet:mining_helmet":1,"botania:cyan_petal":7,"minecraft:bucket":64,"alexsmobs:animal_dictionary":2,"minecraft:polished_blackstone_button":1},"minecraft:killed":{"vampirism:vampire":16,"vampirism:advanced_vampire":12,"minecraft:skeleton":22,"graveyard:acolyte":1,"vampirism:advanced_hunter":1,"minecraft:skeleton_horse":1,"minecraft:zombie":35,"mca:male_villager":1,"minecraft:glow_squid":1,"graveyard:corrupted_vindicator":2,"minecraft:endermite":1,"graveyard:ghoul":9,"minecraft:enderman":5,"minecraft:spider":34,"creeperoverhaul:bamboo_creeper":1,"graveyard:reaper":2,"artifacts:mimic":7,"minecraft:creeper":5,"vampirism:hunter":9,"graveyard:corrupted_pillager":1,"graveyard:revenant":1,"minecraft:phantom":3,"alexsmobs:bison":1,"minecraft:drowned":1,"alexsmobs:skreecher":1,"minecraft:squid":5},"minecraft:custom":{"minecraft:interact_with_crafting_table":184,"minecraft:open_barrel":81,"goblintraders:trade_with_goblin":160,"minecraft:bell_ring":4,"minecraft:eat_cake_slice":2,"minecraft:leave_game":19,"minecraft:time_since_death":701316,"minecraft:play_time":2471819,"minecraft:deaths":13,"minecraft:jump":37611,"minecraft:enchant_item":1,"minecraft:interact_with_furnace":143,"minecraft:interact_with_cartography_table":1,"minecraft:sleep_in_bed":103,"minecraft:waystone_activated":6,"minecraft:damage_dealt":95984,"tombstone:use_disenchantment":2,"tombstone:undead_killed":72,"minecraft:interact_with_smoker":1,"minecraft:interact_with_smithing_table":2,"minecraft:inspect_dispenser":2,"minecraft:horse_one_cm":13044,"minecraft:inspect_dropper":2,"minecraft:interact_with_anvil":8,"minecraft:sneak_time":107449,"minecraft:total_world_time":2471819,"vampirism:win_village_capture":1,"tombstone:raider_killed":5,"minecraft:time_since_rest":311066,"minecraft:swim_one_cm":3396506,"minecraft:fly_one_cm":11716700,"minecraft:open_chest":525,"minecraft:fall_one_cm":1043209,"minecraft:animals_bred":30,"minecraft:damage_resisted":201,"minecraft:sprint_one_cm":6895317,"minecraft:drop":737,"minecraft:talked_to_villager":7,"minecraft:walk_on_water_one_cm":123377,"minecraft:player_kills":2,"minecraft:crouch_one_cm":407160,"tombstone:villager_killed":1,"minecraft:mob_kills":189,"minecraft:damage_dealt_resisted":5228,"minecraft:climb_one_cm":22641,"minecraft:walk_one_cm":6747662,"tombstone:consume_soul":2,"minecraft:walk_under_water_one_cm":399930,"minecraft:interact_with_grindstone":1,"minecraft:damage_taken":86348,"minecraft:trigger_trapped_chest":6,"vampirism:defend_village":1}},"DataVersion":3120}